2.709723e-12	5.6612466e-12	9.767101e-12	1.6429861e-11	2.6949139e-11	4.310545e-11	6.72413e-11	1.0230719e-10	1.5184637e-10	2.1989258e-10	3.107624e-10	4.2874257e-10	5.7769933e-10	7.606761e-10	9.795869e-10	1.2351528e-9	1.5272624e-9	1.855952e-9	2.2232e-9	2.6357023e-9	3.1086647e-9	3.6703238e-9	4.3662194e-9	5.261339e-9	6.4379724e-9	7.988363e-9	1.0003419e-8	1.2559772e-8	1.570663e-8	1.9453081e-8	2.3756732e-8	2.8515538e-8	3.356507e-8	3.868319e-8	4.360318e-8	4.8034806e-8	5.1691384e-8	5.4319468e-8	5.5726964e-8	5.5805376e-8	5.4542607e-8	5.2024358e-8	4.84238e-8	4.3981245e-8	3.897725e-8	3.3703106e-8	2.84331e-8	2.3402098e-8	1.8790677e-8	1.47186325e-8	1.1246305e-8	8.382037e-9	6.0934933e-9	4.3205586e-9	2.9877902e-9	2.0150097e-9	1.3252613e-9	8.499714e-10	5.315784e-10	3.2416989e-10	1.6874499e-10
6.5526924e-12	1.3144995e-11	2.2807336e-11	3.858545e-11	6.365362e-11	1.0239788e-10	1.6063799e-10	2.4576507e-10	3.6672304e-10	5.337555e-10	7.5785345e-10	1.0498741e-9	1.4193654e-9	1.8732222e-9	2.4143958e-9	3.0409826e-9	3.746086e-9	4.518853e-9	5.3470632e-9	6.221524e-9	7.142353e-9	8.126919e-9	9.218574e-9	1.0494105e-8	1.20661205e-8	1.4075982e-8	1.6675411e-8	2.0000579e-8	2.4145864e-8	2.9142383e-8	3.4942353e-8	4.1409304e-8	4.831559e-8	5.5349652e-8	6.213471e-8	6.825876e-8	7.3313224e-8	7.6935535e-8	7.884962e-8	7.889805e-8	7.706068e-8	7.345685e-8	6.833063e-8	6.202187e-8	5.492765e-8	4.74602e-8	4.0007265e-8	3.2900267e-8	2.6393236e-8	2.0653827e-8	1.5765417e-8	1.1737883e-8	8.523853e-9	6.037076e-9	4.170082e-9	2.8091354e-9	1.8454153e-9	1.182204e-9	7.3850187e-10	4.4983786e-10	2.358884e-10
1.2477456e-11	2.5153667e-11	4.3611708e-11	7.37287e-11	1.2153943e-10	1.9537191e-10	3.0626043e-10	4.6819415e-10	6.9806244e-10	1.0151467e-9	1.4400288e-9	1.9928528e-9	2.6909919e-9	3.5463326e-9	4.56257e-9	5.733079e-9	7.040041e-9	8.455512e-9	9.945018e-9	1.147401e-8	1.3017221e-8	1.4570535e-8	1.6164408e-8	1.7876745e-8	1.9841206e-8	2.2244395e-8	2.5305587e-8	2.923872e-8	3.4206717e-8	4.0282476e-8	4.7424205e-8	5.5464714e-8	6.411226e-8	7.296316e-8	8.152789e-8	8.927054e-8	9.565924e-8	1.0022126e-7	1.0259563e-7	1.0257484e-7	1.0012923e-7	9.5409824e-8	8.872955e-8	8.052579e-8	7.131051e-8	6.1615786e-8	5.1942575e-8	4.2719307e-8	3.4274606e-8	2.6825495e-8	2.0480012e-8	1.5251075e-8	1.1077447e-8	7.847458e-9	5.421883e-9	3.6532957e-9	2.4005762e-9	1.5382423e-9	9.611604e-10	5.8561556e-10	3.0647965e-10
2.3159048e-11	4.6925103e-11	8.129974e-11	1.3734146e-10	2.2623428e-10	3.6339307e-10	5.6921357e-10	8.695116e-10	1.2953928e-9	1.8822714e-9	2.6677953e-9	3.6885484e-9	4.975613e-9	6.5493557e-9	8.414126e-9	1.0553861e-8	1.2929755e-8	1.5481204e-8	1.813093e-8	2.0794795e-8	2.339617e-8	2.5884017e-8	2.8253247e-8	3.0564916e-8	3.2962255e-8	3.567548e-8	3.9005478e-8	4.327851e-8	4.8776872e-8	5.5667037e-8	6.395012e-8	7.344358e-8	8.3788294e-8	9.447294e-8	1.0487311e-7	1.14304264e-7	1.2208658e-7	1.2761501e-7	1.3042578e-7	1.3024925e-7	1.2704086e-7	1.2098495e-7	1.1247119e-7	1.020473e-7	9.0356245e-8	7.8067266e-8	6.581116e-8	5.4127817e-8	4.343162e-8	3.3996344e-8	2.5958332e-8	1.9333848e-8	1.4045462e-8	9.951987e-9	6.877332e-9	4.634974e-9	3.0463034e-9	1.9524478e-9	1.2202495e-9	7.436419e-10	3.8846376e-10
4.1900344e-11	8.534597e-11	1.4775545e-10	2.4941876e-10	4.1054068e-10	6.5893463e-10	1.0313508e-9	1.5742344e-9	2.3434443e-9	3.4024243e-9	4.818388e-9	6.6562746e-9	8.970614e-9	1.1795912e-8	1.5136786e-8	1.8959513e-8	2.318706e-8	2.7699606e-8	3.2342083e-8	3.6939515e-8	4.131964e-8	4.5341267e-8	4.8925532e-8	5.2086776e-8	5.495826e-8	5.780624e-8	6.102168e-8	6.507614e-8	7.0434886e-8	7.7443225e-8	8.622605e-8	9.663811e-8	1.08270505e-7	1.2049507e-7	1.3252837e-7	1.4350766e-7	1.5257552e-7	1.5896796e-7	1.620966e-7	1.616139e-7	1.5745128e-7	1.49824e-7	1.3920207e-7	1.262522e-7	1.1176012e-7	9.6545676e-8	8.138269e-8	6.6934106e-8	5.3709066e-8	4.2044043e-8	3.2106453e-8	2.3915925e-8	1.737666e-8	1.2314245e-8	8.511196e-9	5.737126e-9	3.771373e-9	2.4176139e-9	1.5112575e-9	9.2116326e-10	4.803802e-10
7.389802e-11	1.5133757e-10	2.6180536e-10	4.4160242e-10	7.26311e-10	1.1648508e-9	1.8217721e-9	2.7785303e-9	4.1329167e-9	5.9957608e-9	8.48412e-9	1.1710549e-8	1.576866e-8	2.0716032e-8	2.655656e-8	3.3225092e-8	4.0577888e-8	4.839225e-8	5.637791e-8	6.420141e-8	7.1522294e-8	7.80384e-8	8.353487e-8	8.793165e-8	9.132249e-8	9.399907e-8	9.645073e-8	9.9325824e-8	1.03339126e-7	1.0912378e-7	1.1706313e-7	1.2716855e-7	1.3905179e-7	1.5198472e-7	1.650052e-7	1.770357e-7	1.8700156e-7	1.9394368e-7	1.9711918e-7	1.9607965e-7	1.9071653e-7	1.8126657e-7	1.6827664e-7	1.5253372e-7	1.3497109e-7	1.1656591e-7	9.824237e-8	8.079326e-8	6.482778e-8	5.0748493e-8	3.8755303e-8	2.8870737e-8	2.0978671e-8	1.4868516e-8	1.0277894e-8	6.928923e-9	4.5554556e-9	2.9206693e-9	1.8259905e-9	1.1131714e-9	5.796171e-10
1.2705278e-10	2.6164318e-10	4.522805e-10	7.622943e-10	1.2527712e-9	2.0075872e-9	3.137265e-9	4.781058e-9	7.1058603e-9	1.0300418e-8	1.4563535e-8	2.008556e-8	2.7023523e-8	3.547174e-8	4.5431285e-8	5.6783325e-8	6.9271934e-8	8.250217e-8	9.595764e-8	1.0903934e-7	1.2112396e-7	1.3163638e-7	1.4012781e-7	1.4634956e-7	1.5031227e-7	1.52322e-7	1.5298467e-7	1.5316898e-7	1.5391186e-7	1.5625226e-7	1.6100442e-7	1.6853478e-7	1.7863998e-7	1.9057795e-7	2.0321691e-7	2.1522628e-7	2.2525856e-7	2.3210474e-7	2.3482065e-7	2.328197e-7	2.2592485e-7	2.1437342e-7	1.9877444e-7	1.800254e-7	1.592014e-7	1.3743391e-7	1.1579638e-7	9.521116e-8	7.6387565e-8	5.9794004e-8	4.5662244e-8	3.4016512e-8	2.4718755e-8	1.7520293e-8	1.2111819e-8	8.165963e-9	5.369249e-9	3.4427607e-9	2.1526207e-9	1.312432e-9	6.8243217e-10
2.1295699e-10	4.410472e-10	7.6180934e-10	1.2829748e-9	2.106782e-9	3.3734242e-9	5.267371e-9	8.020687e-9	1.1911012e-8	1.7251697e-8	2.437191e-8	3.3585607e-8	4.5149932e-8	5.92161e-8	7.5778416e-8	9.4629506e-8	1.1533101e-7	1.3720924e-7	1.593824e-7	1.8082228e-7	2.0044763e-7	2.1723956e-7	2.3036607e-7	2.3929755e-7	2.4389763e-7	2.4447584e-7	2.4179332e-7	2.3701575e-7	2.3160592e-7	2.2714255e-7	2.2505712e-7	2.2632173e-7	2.3118902e-7	2.3911133e-7	2.4887973e-7	2.5889912e-7	2.6748026e-7	2.730796e-7	2.7447373e-7	2.7087373e-7	2.6198305e-7	2.4799945e-7	2.2956222e-7	2.076539e-7	1.834712e-7	1.5828401e-7	1.3330255e-7	1.0956937e-7	8.788693e-8	6.878462e-8	5.252268e-8	3.91249e-8	2.8430046e-8	2.0150702e-8	1.39304115e-8	9.392338e-9	6.1758394e-9	3.960124e-9	2.4762323e-9	1.5098168e-9	7.841273e-10
3.4799896e-10	7.2491724e-10	1.2511507e-9	2.1054007e-9	3.454489e-9	5.5268563e-9	8.622652e-9	1.3118866e-8	1.9465729e-8	2.8170325e-8	3.976396e-8	5.4751492e-8	7.354367e-8	9.637742e-8	1.2323318e-7	1.5376217e-7	1.8723874e-7	2.2255209e-7	2.582488e-7	2.9262975e-7	3.238973e-7	3.5033733e-7	3.7051478e-7	3.8345425e-7	3.8877997e-7	3.8679372e-7	3.784791e-7	3.654294e-7	3.4970353e-7	3.3360845e-7	3.194038e-7	3.089316e-7	3.0323386e-7	3.0229876e-7	3.050808e-7	3.098018e-7	3.1438043e-7	3.1682364e-7	3.1550314e-7	3.0931682e-7	2.9775916e-7	2.8091648e-7	2.5940057e-7	2.3423156e-7	2.0668827e-7	1.7814635e-7	1.499265e-7	1.2317088e-7	9.875969e-8	7.727268e-8	5.8991876e-8	4.3937256e-8	3.1923413e-8	2.262493e-8	1.5639985e-8	1.0544574e-8	6.9333e-9	4.4457575e-9	2.7798706e-9	1.694947e-9	8.793795e-10
5.5445565e-10	1.16181e-9	2.0036173e-9	3.368919e-9	5.5231077e-9	8.829095e-9	1.3762993e-8	2.0921833e-8	3.101732e-8	4.484936e-8	6.325386e-8	8.70222e-8	1.16794126e-7	1.5293185e-7	1.9538986e-7	2.4360057e-7	2.9639915e-7	3.520103e-7	4.0811366e-7	4.6199412e-7	5.1076944e-7	5.516725e-7	5.823525e-7	6.0115434e-7	6.0733237e-7	6.011675e-7	5.8396876e-7	5.579593e-7	5.2606293e-7	4.916093e-7	4.5797447e-7	4.2816038e-7	4.0433545e-7	3.874284e-7	3.7695065e-7	3.7118994e-7	3.677177e-7	3.6398106e-7	3.5776966e-7	3.474901e-7	3.3227565e-7	3.1197953e-7	2.8708868e-7	2.5858222e-7	2.2775627e-7	1.9603904e-7	1.6481867e-7	1.3530311e-7	1.08425404e-7	8.479833e-8	6.471522e-8	4.8187225e-8	3.5003914e-8	2.4803935e-8	1.7143874e-8	1.15571535e-8	7.598339e-9	4.8717728e-9	3.04602e-9	1.8570969e-9	9.627021e-10
8.613606e-10	1.8156879e-9	3.1288103e-9	5.256595e-9	8.610713e-9	1.3753295e-8	2.1420671e-8	3.253462e-8	4.8191914e-8	6.962256e-8	9.8108494e-8	1.3485885e-7	1.8084486e-7	2.3660633e-7	3.0205226e-7	3.762862e-7	4.5749186e-7	5.4291354e-7	6.289552e-7	7.114102e-7	7.8580536e-7	8.478285e-7	8.9378494e-7	9.210189e-7	9.282363e-7	9.1568006e-7	8.8513025e-7	8.3972805e-7	7.836542e-7	7.21703e-7	6.5879874e-7	5.994865e-7	5.474113e-7	5.048267e-7	4.7224677e-7	4.4843603e-7	4.3084202e-7	4.1633217e-7	4.0192424e-7	3.8528245e-7	3.649408e-7	3.403221e-7	3.1163242e-7	2.7968662e-7	2.4570005e-7	2.1107468e-7	1.7720323e-7	1.45311e-7	1.1634795e-7	9.093545e-8	6.936335e-8	5.162702e-8	3.7490008e-8	2.6558123e-8	1.8351923e-8	1.2368949e-8	8.130553e-9	5.212136e-9	3.2583283e-9	1.9862536e-9	1.028982e-9
1.3048523e-9	2.7670912e-9	4.7645448e-9	7.998283e-9	1.3090988e-8	2.0891672e-8	3.2510695e-8	4.933563e-8	7.30143e-8	1.0539053e-7	1.4838069e-7	2.0378549e-7	2.7304185e-7	3.5693347e-7	4.5529356e-7	5.667456e-7	6.8853495e-7	8.1650126e-7	9.4522807e-7	1.0683838e-6	1.179232e-6	1.2712653e-6	1.338878e-6	1.3779893e-6	1.3865206e-6	1.3646551e-6	1.3148363e-6	1.2415098e-6	1.1506471e-6	1.0491231e-6	9.4403237e-7	8.4201565e-7	7.486394e-7	6.6785066e-7	6.0155287e-7	5.4942694e-7	5.091791e-7	4.7725695e-7	4.4979785e-7	4.2344266e-7	3.9579828e-7	3.6556077e-7	3.324161e-7	2.9682917e-7	2.5979122e-7	2.2256681e-7	1.8646723e-7	1.526698e-7	1.2209401e-7	9.533755e-8	7.266738e-8	5.4053782e-8	3.9232802e-8	2.778108e-8	1.919005e-8	1.2929708e-8	8.4967215e-9	5.4454414e-9	3.4033496e-9	2.0741842e-9	1.07402e-9
1.9276445e-9	4.1124353e-9	7.0755517e-9	1.18682895e-8	1.9409132e-8	3.0948552e-8	4.811927e-8	7.2958024e-8	1.0787869e-7	1.5557605e-7	2.1884283e-7	3.00293e-7	4.0199834e-7	5.250666e-7	6.6921e-7	8.323716e-7	1.0104837e-6	1.1974332e-6	1.3852812e-6	1.5647591e-6	1.7260098e-6	1.8594993e-6	1.9569902e-6	2.0124373e-6	2.0226767e-6	1.9878016e-6	1.911164e-6	1.7990062e-6	1.6597754e-6	1.5032318e-6	1.3394744e-6	1.1780073e-6	1.0269405e-6	8.9236045e-7	7.77887e-7	6.844486e-7	6.1039043e-7	5.5204686e-7	5.0473926e-7	4.638758e-7	4.257668e-7	3.8798643e-7	3.4935778e-7	3.097266e-7	2.6965623e-7	2.301208e-7	1.9223609e-7	1.5704721e-7	1.2538297e-7	9.777701e-8	7.4448934e-8	5.533214e-8	4.013251e-8	2.8401317e-8	1.9608411e-8	1.3205593e-8	8.674471e-9	5.557276e-9	3.4720358e-9	2.1153523e-9	1.0949924e-9
2.7772495e-9	5.960539e-9	1.0247442e-8	1.7175138e-8	2.806494e-8	4.471303e-8	6.946078e-8	1.05223634e-7	1.5544975e-7	2.2397934e-7	3.1478055e-7	4.3155225e-7	5.7720547e-7	7.5326426e-7	9.592561e-7	1.1921865e-6	1.4462044e-6	1.7125597e-6	1.9799227e-6	2.235088e-6	2.4640224e-6	2.6531488e-6	2.7907156e-6	2.8680536e-6	2.8805453e-6	2.8281563e-6	2.7154426e-6	2.5510417e-6	2.3467162e-6	2.116104e-6	1.8733549e-6	1.6318298e-6	1.4030213e-6	1.1957648e-6	1.0157662e-6	8.654236e-7	7.4394023e-7	6.4780875e-7	5.717296e-7	5.098309e-7	4.568208e-7	4.087121e-7	3.6302552e-7	3.1862027e-7	2.7535094e-7	2.336953e-7	1.9442437e-7	1.5834462e-7	1.2612004e-7	9.8171064e-8	7.464025e-8	5.5409203e-8	4.014949e-8	2.8390131e-8	1.9586892e-8	1.3182919e-8	8.654751e-9	5.541818e-9	3.4607417e-9	2.1075355e-9	1.0907635e-9
3.902656e-9	8.425596e-9	1.4474608e-8	2.4241261e-8	3.957955e-8	6.300593e-8	9.779524e-8	1.4801765e-7	2.1847703e-7	3.145102e-7	4.4161507e-7	6.0489464e-7	8.083356e-7	1.0539787e-6	1.3410795e-6	1.665389e-6	2.0187044e-6	2.3888217e-6	2.7599879e-6	3.1138777e-6	3.4310403e-6	3.692662e-6	3.8824433e-6	3.9883184e-6	4.003785e-6	3.9286315e-6	3.768962e-6	3.5365026e-6	3.247312e-6	2.920072e-6	2.5742227e-6	2.2281838e-6	1.897878e-6	1.5956932e-6	1.329927e-6	1.1046676e-6	9.200393e-7	7.727641e-7	6.570538e-7	5.658237e-7	4.920266e-7	4.297357e-7	3.7469218e-7	3.243167e-7	2.773905e-7	2.3362453e-7	1.9325323e-7	1.5671125e-7	1.2440759e-7	9.6590846e-8	7.329111e-8	5.4319862e-8	3.930811e-8	2.776441e-8	1.9137035e-8	1.286946e-8	8.442705e-9	5.4024016e-9	3.3715812e-9	2.0520434e-9	1.0619952e-9
5.3493387e-9	1.1616147e-8	1.9941336e-8	3.337149e-8	5.4444175e-8	8.659848e-8	1.3430244e-7	2.0309881e-7	2.9951565e-7	4.3078703e-7	6.0434206e-7	8.2704605e-7	1.1042216e-6	1.4385281e-6	1.8288357e-6	2.2692675e-6	2.7486105e-6	3.2502714e-6	3.7529007e-6	4.231719e-6	4.66046e-6	5.0137382e-6	5.26955e-6	5.411572e-6	5.4309294e-6	5.327179e-6	5.1083434e-6	4.790011e-6	4.3936225e-6	3.944207e-6	3.4678928e-6	2.989521e-6	2.5306663e-6	2.108247e-6	1.7338112e-6	1.4134548e-6	1.1482487e-6	9.350259e-7	7.6742333e-7	6.371363e-7	5.353109e-7	4.5384755e-7	3.8629577e-7	3.281626e-7	2.767268e-7	2.3059744e-7	1.8923183e-7	1.5252847e-7	1.2053259e-7	9.3251586e-8	7.056146e-8	5.218134e-8	3.7692836e-8	2.658384e-8	1.8300153e-8	1.2293177e-8	8.056824e-9	5.150967e-9	3.2120817e-9	1.9535067e-9	1.011041e-9
7.152743e-9	1.5620243e-8	2.67965e-8	4.4810935e-8	7.305187e-8	1.16104495e-7	1.7991597e-7	2.7185024e-7	4.0056173e-7	5.7561664e-7	8.0680763e-7	1.1031436e-6	1.4715536e-6	1.9154118e-6	2.433062e-6	3.0165786e-6	3.651013e-6	4.3143623e-6	4.9784153e-6	5.610504e-6	6.176061e-6	6.6417065e-6	6.978507e-6	7.164968e-6	7.189327e-6	7.0508413e-6	6.7598394e-6	6.3365774e-6	5.809022e-6	5.2099294e-6	4.5735997e-6	3.932767e-6	3.315988e-6	2.7458073e-6	2.2378097e-6	1.8005331e-6	1.4360829e-6	1.1412245e-6	9.087377e-7	7.288799e-7	5.908716e-7	4.8430394e-7	4.002616e-7	3.3193598e-7	2.7466996e-7	2.2559428e-7	1.8310494e-7	1.4636703e-7	1.1493248e-7	8.8486075e-8	6.67012e-8	4.917818e-8	3.5437306e-8	2.4943171e-8	1.7141925e-8	1.1498559e-8	7.526532e-9	4.806508e-9	2.9942056e-9	1.8192733e-9	9.416449e-10
9.3307655e-9	2.0487784e-8	3.5123527e-8	5.8695278e-8	9.561721e-8	1.5185401e-7	2.351295e-7	3.5498994e-7	5.226307e-7	7.503952e-7	1.0508785e-6	1.435615e-6	1.9134031e-6	2.4884116e-6	3.1582958e-6	3.9126303e-6	4.731973e-6	5.587867e-6	6.443947e-6	7.258215e-6	7.986304e-6	8.585423e-6	9.018489e-6	9.257928e-6	9.288571e-6	9.109299e-6	8.733122e-6	8.185748e-6	7.5028033e-6	6.7261376e-6	5.8997116e-6	5.0656326e-6	4.2608017e-6	3.514531e-6	2.8472957e-6	2.2705963e-6	1.7877488e-6	1.3953185e-6	1.0848862e-6	8.4487897e-7	6.6229535e-7	5.2423576e-7	4.1914515e-7	3.3763104e-7	2.7274695e-7	2.1978394e-7	1.7577301e-7	1.3892338e-7	1.081448e-7	8.270551e-8	6.2020455e-8	4.5540112e-8	3.270826e-8	2.2960789e-8	1.5744499e-8	1.0541265e-8	6.8886368e-9	4.392779e-9	2.7329068e-9	1.6585254e-9	8.584941e-10
1.1876105e-8	2.621204e-8	4.4909054e-8	7.499896e-8	1.2209303e-7	1.9376287e-7	2.9979768e-7	4.5227466e-7	6.653279e-7	9.545021e-7	1.3356079e-6	1.8230583e-6	2.4277565e-6	3.1547208e-6	4.000741e-6	4.952439e-6	5.985147e-6	7.0629485e-6	8.140113e-6	9.163956e-6	1.0078927e-5	1.0831513e-5	1.1375365e-5	1.1675978e-5	1.1714307e-5	1.1488769e-5	1.101539e-5	1.03260345e-5	9.46501e-6	8.484517e-6	7.439554e-6	6.3829866e-6	5.361349e-6	4.4118237e-6	3.560623e-6	2.8227619e-6	2.203011e-6	1.6976866e-6	1.2968779e-6	9.867524e-7	7.5166236e-7	5.7591e-7	4.4511225e-7	3.471271e-7	2.724934e-7	2.1438424e-7	1.6819097e-7	1.3094292e-7	1.0074776e-7	7.6353814e-8	5.6854947e-8	4.1516376e-8	2.9686896e-8	2.0765489e-8	1.4197296e-8	9.4819015e-9	6.1832295e-9	3.935648e-9	2.4444646e-9	1.4812549e-9	7.667023e-10
1.474969e-8	3.2713107e-8	5.6014997e-8	9.348929e-8	1.5209693e-7	2.4121815e-7	3.7296215e-7	5.6224286e-7	8.264791e-7	1.1847816e-6	1.6565272e-6	2.2593003e-6	3.0062931e-6	3.903398e-6	4.9463574e-6	6.1184314e-6	7.3890765e-6	8.714054e-6	1.0037229e-5	1.1294097e-5	1.2416777e-5	1.3339953e-5	1.4007079e-5	1.4376039e-5	1.4423495e-5	1.4147325e-5	1.3566814e-5	1.2720551e-5	1.1662354e-5	1.04557885e-5	9.168034e-6	7.86388e-6	6.600596e-6	5.4241955e-6	4.3673926e-6	3.449239e-6	2.6762316e-6	2.0444609e-6	1.5423326e-6	1.1533995e-6	8.5894504e-7	6.4009737e-7	4.7939056e-7	3.6178625e-7	2.7518752e-7	2.104903e-7	1.6125314e-7	1.2313774e-7	9.329941e-8	6.986181e-8	5.1531696e-8	3.7350357e-8	2.6550492e-8	1.8483457e-8	1.2588007e-8	8.3799385e-9	5.4496487e-9	3.4604952e-9	2.144849e-9	1.2972589e-9	6.713007e-10
1.787652e-8	3.9826602e-8	6.815966e-8	1.1369564e-7	1.8486239e-7	2.930026e-7	4.5273845e-7	6.8204963e-7	1.0018957e-6	1.4352189e-6	2.0052114e-6	2.7328288e-6	3.6336637e-6	4.7144727e-6	5.969789e-6	7.3791857e-6	8.90575e-6	1.0496287e-5	1.2083529e-5	1.3590366e-5	1.493579e-5	1.6041953e-5	1.684149e-5	1.7284192e-5	1.7342143e-5	1.7012615e-5	1.6318289e-5	1.5304826e-5	1.403609e-5	1.2587695e-5	1.103977e-5	9.469843e-6	7.946716e-6	6.525954e-6	5.2473597e-6	4.1344597e-6	3.195732e-6	2.4271187e-6	1.8152542e-6	1.3408522e-6	9.818147e-7	7.157654e-7	5.2189085e-7	3.8209723e-7	2.8157658e-7	2.0888879e-7	1.5567183e-7	1.1610585e-7	8.628115e-8	6.360641e-8	4.633907e-8	3.32578e-8	2.3456712e-8	1.622717e-8	1.09949205e-8	7.288516e-9	4.723063e-9	2.9900147e-9	1.8483358e-9	1.1152924e-9	5.768045e-10
2.1145224e-8	4.730097e-8	8.091331e-8	1.3490269e-7	2.1922881e-7	3.4728097e-7	5.362973e-7	8.074427e-7	1.1853466e-6	1.6969105e-6	2.3692535e-6	3.2267776e-6	4.2875e-6	5.5589976e-6	7.0344763e-6	8.6896225e-6	1.0480897e-5	1.234585e-5	1.420575e-5	1.5970556e-5	1.7545834e-5	1.8840925e-5	1.9777397e-5	2.0296759e-5	2.0366384e-5	1.9982865e-5	1.9172297e-5	1.7987517e-5	1.6502585e-5	1.4805396e-5	1.29893315e-5	1.1144998e-5	9.3531e-6	7.679127e-6	6.170317e-6	4.8549514e-6	3.7436919e-6	2.832442e-6	2.1060764e-6	1.542394e-6	1.1157662e-6	8.0012455e-7	5.7112777e-7	4.0750388e-7	2.91686e-7	2.0990035e-7	1.5186716e-7	1.1025906e-7	8.005046e-8	5.7878594e-8	4.150442e-8	2.9410817e-8	2.0532298e-8	1.4087493e-8	9.481473e-9	6.250774e-9	4.0320565e-9	2.5426574e-9	1.5665305e-9	9.424695e-10	4.8690457e-10
2.4412168e-8	5.4805653e-8	9.371254e-8	1.5617456e-7	2.5368132e-7	4.0166347e-7	6.199644e-7	9.329158e-7	1.3687877e-6	1.9583983e-6	2.7327371e-6	3.7195841e-6	4.939306e-6	6.4002284e-6	8.094172e-6	9.992918e-6	1.2046343e-5	1.4182835e-5	1.6312377e-5	1.8332239e-5	2.0134816e-5	2.1616886e-5	2.2689173e-5	2.328503e-5	2.336717e-5	2.2931463e-5	2.2007296e-5	2.065445e-5	1.8956944e-5	1.7014663e-5	1.49339585e-5	1.2818304e-5	1.0760163e-5	8.834889e-6	7.0971805e-6	5.5801497e-6	4.2967517e-6	3.2429741e-6	2.4020376e-6	1.7489024e-6	1.2544468e-6	8.889123e-7	6.244086e-7	4.3647066e-7	3.047889e-7	2.1330796e-7	1.4989706e-7	1.0577146e-7	7.4807424e-8	5.2862248e-8	3.718039e-8	2.592884e-8	1.7866856e-8	1.21293935e-8	8.093351e-9	5.2979217e-9	3.3973566e-9	2.1318194e-9	1.3078612e-9	7.8395385e-10	4.0430337e-10
2.7510476e-8	6.195143e-8	1.05894806e-7	1.7641239e-7	2.8644416e-7	4.5335375e-7	6.9944866e-7	1.0520508e-6	1.5428622e-6	2.2063848e-6	3.0772364e-6	4.1863505e-6	5.556264e-6	7.1959544e-6	9.095893e-6	1.1224147e-5	1.3524373e-5	1.591637e-5	1.8299563e-5	2.0559362e-5	2.257589e-5	2.4234196e-5	2.5434847e-5	2.6103538e-5	2.6198568e-5	2.571507e-5	2.4685438e-5	2.3175895e-5	2.1279671e-5	1.9107812e-5	1.6778751e-5	1.4407984e-5	1.20990235e-5	9.936545e-6	7.982349e-6	6.2742156e-6	4.8273873e-6	3.638044e-6	2.6879447e-6	1.9494378e-6	1.3901386e-6	9.768047e-7	6.781717e-7	4.667253e-7	3.195404e-7	2.1840427e-7	1.494574e-7	1.02564925e-7	7.058141e-8	4.8625715e-8	3.3440376e-8	2.287623e-8	1.5511608e-8	1.03912585e-8	6.8580714e-9	4.4489723e-9	2.8316776e-9	1.7657446e-9	1.0775197e-9	6.429243e-10	3.306907e-10
3.026332e-8	6.8321725e-8	1.1675167e-7	1.9444258e-7	3.15623e-7	4.993726e-7	7.7018444e-7	1.1580297e-6	1.6976466e-6	2.426791e-6	3.383279e-6	4.6008113e-6	6.1038195e-6	7.90183e-6	9.984088e-6	1.2315368e-5	1.483383e-5	1.7451717e-5	2.0059188e-5	2.2531256e-5	2.4737263e-5	2.655196e-5	2.7866941e-5	2.8601127e-5	2.870885e-5	2.8184528e-5	2.7063123e-5	2.5416459e-5	2.3345818e-5	2.0971976e-5	1.8423954e-5	1.5827809e-5	1.3296797e-5	1.0923872e-5	8.777193e-6	6.898774e-6	5.3059985e-6	3.9953275e-6	2.947321e-6	2.1320843e-6	1.5143843e-6	1.0579059e-6	7.283843e-7	4.955766e-7	3.3421043e-7	2.2413772e-7	1.4995788e-7	1.003419e-7	6.72441e-8	4.5128115e-8	3.028284e-8	2.0265844e-8	1.3482266e-8	8.887083e-9	5.786573e-9	3.7118473e-9	2.340453e-9	1.4480033e-9	8.777653e-10	5.207625e-10	2.6683278e-10
3.2500242e-8	7.351177e-8	1.2559542e-7	2.0912664e-7	3.393818e-7	5.368353e-7	8.2775546e-7	1.2442642e-6	1.8235636e-6	2.6060466e-6	3.6321187e-6	4.93772e-6	6.548811e-6	8.475354e-6	1.0705603e-5	1.3201665e-5	1.5897276e-5	1.8698589e-5	2.1488302e-5	2.4133056e-5	2.649352e-5	2.8436087e-5	2.984508e-5	3.0633837e-5	3.0753417e-5	3.019756e-5	2.9003237e-5	2.7246724e-5	2.5035728e-5	2.249885e-5	1.9773615e-5	1.69946e-5	1.4282954e-5	1.1738398e-5	9.434323e-6	7.416282e-6	5.70351e-6	4.2928054e-6	3.1638476e-6	2.2849927e-6	1.6187386e-6	1.126294e-6	7.709542e-7	5.202396e-7	3.469393e-7	2.2930162e-7	1.5064722e-7	9.86592e-8	6.454954e-8	4.2240988e-8	2.7644239e-8	1.8067583e-8	1.176506e-8	7.610726e-9	4.876173e-9	3.0853846e-9	1.9231692e-9	1.178351e-9	7.084659e-10	4.173863e-10	2.1273722e-10
3.407443e-8	7.717088e-8	1.3183038e-7	2.1947905e-7	3.5613206e-7	5.632474e-7	8.683454e-7	1.3050659e-6	1.9123493e-6	2.732452e-6	3.8076103e-6	5.1753523e-6	6.862728e-6	8.880027e-6	1.1214829e-5	1.382739e-5	1.6648368e-5	1.9579666e-5	2.249877e-5	2.5266461e-5	2.7737271e-5	2.977171e-5	3.124889e-5	3.2078136e-5	3.2208074e-5	3.1631866e-5	3.0387793e-5	2.8555167e-5	2.6246162e-5	2.359481e-5	2.0744588e-5	1.7836077e-5	1.4996029e-5	1.23289865e-5	9.912139e-6	7.793651e-6	5.994185e-6	4.510897e-6	3.322943e-6	2.3975206e-6	1.6955761e-6	1.1765928e-6	8.021401e-7	5.381374e-7	3.559706e-7	2.3271471e-7	1.5074764e-7	9.701987e-8	6.2191546e-8	3.9782215e-8	2.5418938e-8	1.62207e-8	1.032474e-8	6.5413204e-9	4.1142325e-9	2.561791e-9	1.5749754e-9	9.537647e-10	5.677485e-10	3.3164846e-10	1.6785356e-10
3.487852e-8	7.904155e-8	1.3501923e-7	2.247763e-7	3.6470783e-7	5.7677835e-7	8.891546e-7	1.3362618e-6	1.9579436e-6	2.7974297e-6	3.89792e-6	5.2977894e-6	7.024686e-6	9.089118e-6	1.147837e-5	1.4151801e-5	1.703854e-5	2.0038342e-5	2.3026038e-5	2.5859372e-5	2.8389699e-5	3.0474393e-5	3.1989777e-5	3.2842956e-5	3.2981152e-5	3.2397045e-5	3.1129446e-5	2.9259103e-5	2.6900394e-5	2.4190102e-5	2.1274758e-5	1.8298073e-5	1.5389767e-5	1.2656999e-5	1.0179062e-5	8.00563e-6	6.158272e-6	4.6344776e-6	3.413265e-6	2.4613278e-6	1.7388725e-6	1.2045155e-6	8.189273e-7	5.471669e-7	3.5984462e-7	2.3336895e-7	1.4956869e-7	9.495818e-8	5.9862934e-8	3.7554354e-8	2.348283e-8	1.464818e-8	9.113564e-9	5.6490426e-9	3.4819432e-9	2.1291326e-9	1.2883016e-9	7.69476e-10	4.5264595e-10	2.6173283e-10	1.3127456e-10
3.4856694e-8	7.8989444e-8	1.349337e-7	2.2464054e-7	3.6449964e-7	5.7647054e-7	8.8871695e-7	1.3356655e-6	1.957169e-6	2.796478e-6	3.89683e-6	5.296656e-6	7.0236874e-6	9.088529e-6	1.1478587e-5	1.41533465e-5	1.7042052e-5	2.0044547e-5	2.3035722e-5	2.5873307e-5	2.8408584e-5	3.0498779e-5	3.201999e-5	3.287906e-5	3.302288e-5	3.2443826e-5	3.1180392e-5	2.9313072e-5	2.695605e-5	2.4245986e-5	2.1329415e-5	1.8350107e-5	1.5437956e-5	1.27003495e-5	1.0216866e-5	8.037495e-6	6.1841138e-6	4.6545056e-6	3.4279312e-6	2.4712692e-6	1.7448414e-6	1.207311e-6	8.19335e-7	5.45909e-7	3.5754533e-7	2.305361e-7	1.4658879e-7	9.2103e-8	5.7303318e-8	3.5378477e-8	2.1715751e-8	1.3270875e-8	8.08005e-9	4.9005955e-9	2.9578096e-9	1.7735678e-9	1.0542907e-9	6.1987776e-10	3.5966194e-10	2.0549853e-10	1.0191269e-10
3.4011098e-8	7.701951e-8	1.3158176e-7	2.190842e-7	3.5552645e-7	5.6235194e-7	8.6707206e-7	1.3033306e-6	1.9100944e-6	2.729682e-6	3.8044395e-6	5.172063e-6	6.859836e-6	8.878346e-6	1.1215517e-5	1.3831973e-5	1.6658716e-5	1.9597926e-5	2.2527236e-5	2.5307407e-5	2.7792752e-5	2.9843333e-5	3.133762e-5	3.218414e-5	3.23306e-5	3.1769217e-5	3.0537365e-5	2.871359e-5	2.640949e-5	2.3758777e-5	2.0904883e-5	1.7988606e-5	1.5137185e-5	1.2455854e-5	1.0022642e-5	7.886634e-6	6.069419e-6	4.5690063e-6	3.3652718e-6	2.4259543e-6	1.7123406e-6	1.1840522e-6	8.02616e-7	5.337638e-7	3.4859235e-7	2.2383243e-7	1.4150342e-7	8.8215636e-8	5.4329426e-8	3.311763e-8	2.0018442e-8	1.20189805e-8	7.1763453e-9	4.263807e-9	2.5205151e-9	1.4811473e-9	8.639297e-10	4.9923354e-10	2.852088e-10	1.6074632e-10	7.863807e-11
3.2401687e-8	7.327552e-8	1.2520694e-7	2.0850905e-7	3.384338e-7	5.3543266e-7	8.2575997e-7	1.2415443e-6	1.8200299e-6	2.6017085e-6	3.627159e-6	4.93259e-6	6.5443323e-6	8.472821e-6	1.0706861e-5	1.3209138e-5	1.5913947e-5	1.8727878e-5	2.1533866e-5	2.4198536e-5	2.6582184e-5	2.8550514e-5	2.9986812e-5	3.0803134e-5	3.094907e-5	3.0416837e-5	2.9241972e-5	2.7499498e-5	2.529622e-5	2.2760209e-5	2.0028905e-5	1.7237264e-5	1.4507207e-5	1.1939566e-5	9.609096e-6	7.5628327e-6	5.8215037e-6	4.3832797e-6	3.2289986e-6	2.3278856e-6	1.6429829e-6	1.1357192e-6	7.69318e-7	5.1099477e-7	3.3307174e-7	2.1324088e-7	1.3424211e-7	8.3204434e-8	5.0848236e-8	3.068845e-8	1.8322181e-8	1.0839294e-8	6.36326e-9	3.710924e-9	2.1510005e-9	1.239103e-9	7.0884915e-10	4.021701e-10	2.2590996e-10	1.254011e-10	6.037406e-11
3.013939e-8	6.802307e-8	1.1625955e-7	1.936588e-7	3.1441823e-7	4.975882e-7	7.67644e-7	1.1545659e-6	1.6931477e-6	2.421274e-6	3.3769863e-6	4.594335e-6	6.0982366e-6	7.8988305e-6	9.986084e-6	1.2325528e-5	1.4856055e-5	1.7490484e-5	2.011929e-5	2.2617458e-5	2.4853867e-5	2.6702346e-5	2.8053146e-5	2.8823475e-5	2.8965742e-5	2.8472345e-5	2.7376347e-5	2.5747931e-5	2.3687155e-5	2.1314112e-5	1.8757719e-5	1.6144522e-5	1.3588813e-5	1.1185034e-5	9.003158e-6	7.0871765e-6	5.456459e-6	4.109293e-6	3.0277752e-6	2.1831609e-6	1.5409348e-6	1.0650688e-6	7.211993e-7	4.7867616e-7	3.11604e-7	1.9909167e-7	1.2495751e-7	7.711962e-8	4.68558e-8	2.8062583e-8	1.6591411e-8	9.698063e-9	5.6127094e-9	3.2204073e-9	1.833669e-9	1.036618e-9	5.818005e-10	3.2397077e-10	1.7877749e-10	9.761844e-11	4.6154063e-11
2.7373792e-8	6.161887e-8	1.0534482e-7	1.7553396e-7	2.8509075e-7	4.5134567e-7	6.965867e-7	1.0481469e-6	1.5377944e-6	2.2001811e-6	3.0701897e-6	4.1791595e-6	5.550196e-6	7.192995e-6	9.098867e-6	1.1236779e-5	1.35512355e-5	1.5962722e-5	1.8371053e-5	2.0661597e-5	2.2713937e-5	2.4412051e-5	2.565489e-5	2.636615e-5	2.6501826e-5	2.6054655e-5	2.5054758e-5	2.3566407e-5	2.1681371e-5	1.9509878e-5	1.717024e-5	1.4778545e-5	1.2439554e-5	1.0239743e-5	8.243092e-6	6.4897695e-6	4.9974014e-6	3.76436e-6	2.774245e-6	2.0007794e-6	1.4124339e-6	9.763065e-7	6.610131e-7	4.3855255e-7	2.8525398e-7	1.8200589e-7	1.1399068e-7	7.0132394e-8	4.24253e-8	2.52604e-8	1.4820977e-8	8.580187e-9	4.9078217e-9	2.7773437e-9	1.5567958e-9	8.65133e-10	4.7686005e-10	2.6070285e-10	1.4128985e-10	7.583096e-11	3.5147513e-11
2.4277128e-8	5.4471208e-8	9.3156174e-8	1.5528163e-7	2.5230034e-7	3.9960875e-7	6.170308e-7	9.2891185e-7	1.3635947e-6	1.9520608e-6	2.7255867e-6	3.7123937e-6	4.9334635e-6	6.397901e-6	8.098442e-6	1.0007844e-5	1.2076911e-5	1.4234785e-5	1.6391878e-5	1.8445424e-5	2.0287238e-5	2.1812912e-5	2.2931408e-5	2.3573852e-5	2.370041e-5	2.3304303e-5	2.2412381e-5	2.1082256e-5	1.9396324e-5	1.7453554e-5	1.5360172e-5	1.3220324e-5	1.1127882e-5	9.160236e-6	7.374538e-6	5.80659e-6	4.472027e-6	3.3692943e-6	2.4836752e-6	1.7916663e-6	1.2651042e-6	8.746165e-7	5.9219116e-7	3.9283148e-7	2.553979e-7	1.6281143e-7	1.0181872e-7	6.250289e-8	3.768779e-8	2.2339787e-8	1.3029894e-8	7.48597e-9	4.2414054e-9	2.3728046e-9	1.3123002e-9	7.182864e-10	3.8942272e-10	2.0922364e-10	1.1139801e-10	5.875241e-11	2.6664157e-11
2.102696e-8	4.699778e-8	8.040357e-8	1.3407767e-7	2.1794445e-7	3.4536092e-7	5.3354773e-7	8.0368636e-7	1.1804825e-6	1.6910059e-6	2.3626696e-6	3.2203277e-6	4.282626e-6	5.5579403e-6	7.040414e-6	8.706736e-6	1.0514326e-5	1.2401511e-5	1.4290004e-5	1.608974e-5	1.7705679e-5	1.904593e-5	2.0030231e-5	2.0597758e-5	2.0713209e-5	2.0370384e-5	1.9592719e-5	1.843074e-5	1.6956803e-5	1.525784e-5	1.34270995e-5	1.1555926e-5	9.726541e-6	8.006616e-6	6.4460273e-6	5.0759304e-6	3.9098522e-6	2.9463204e-6	2.172406e-6	1.5675522e-6	1.1071652e-6	7.656174e-7	5.184769e-7	3.439413e-7	2.2356667e-7	1.4244345e-7	8.899266e-8	5.454198e-8	3.2809094e-8	1.9382366e-8	1.1253302e-8	6.426578e-9	3.6134868e-9	2.0025697e-9	1.0951134e-9	5.916081e-10	3.1605346e-10	1.6710583e-10	8.748586e-11	4.5355733e-11	2.0144992e-11
1.7789946e-8	3.9586613e-8	6.77474e-8	1.13017265e-7	1.8379299e-7	2.9138948e-7	4.5041565e-7	6.788706e-7	9.977913e-7	1.4302854e-6	1.9998336e-6	2.727831e-6	3.630483e-6	4.715325e-6	5.9778054e-6	7.398475e-6	8.941364e-6	1.055404e-5	1.2169673e-5	1.37111265e-5	1.5096795e-5	1.6247608e-5	1.7094371e-5	1.7584536e-5	1.76875e-5	1.7397719e-5	1.6735185e-5	1.5743239e-5	1.4484007e-5	1.3032134e-5	1.146764e-5	9.868816e-6	8.306039e-6	6.8371187e-6	5.5045803e-6	4.334903e-6	3.3395029e-6	2.5170139e-6	1.8563284e-6	1.3398696e-6	9.466498e-7	6.548195e-7	4.435582e-7	2.942877e-7	1.912876e-7	1.2184357e-7	7.6074336e-8	4.6572385e-8	2.79661e-8	1.6479296e-8	9.534093e-9	5.4191793e-9	3.0285507e-9	1.6656041e-9	9.02362e-10	4.8209087e-10	2.5426405e-10	1.3251959e-10	6.830639e-11	3.483746e-11	1.5146264e-11
1.47086485e-8	3.2565197e-8	5.574598e-8	9.302795e-8	1.5134773e-7	2.400646e-7	3.712805e-7	5.599322e-7	8.235144e-7	1.1812955e-6	1.6529225e-6	2.2563909e-6	3.0054628e-6	3.9067572e-6	4.95687e-6	6.1399774e-6	7.426414e-6	8.772655e-6	1.0122976e-5	1.1412845e-5	1.25738015e-5	1.3539354e-5	1.4251198e-5	1.4664957e-5	1.47546925e-5	1.4515555e-5	1.3964212e-5	1.3136986e-5	1.2086015e-5	1.0873927e-5	9.567806e-6	8.2332235e-6	6.929019e-6	5.7034495e-6	4.591928e-6	3.6164372e-6	2.7863848e-6	2.100538e-6	1.5495718e-6	1.118802e-6	7.907296e-7	5.471561e-7	3.707481e-7	2.460407e-7	1.5994522e-7	1.0187063e-7	6.3580195e-8	3.8893827e-8	2.3325567e-8	1.37184974e-8	7.915285e-9	4.482466e-9	2.4929423e-9	1.3625805e-9	7.3254186e-10	3.877376e-10	2.0226745e-10	1.0409987e-10	5.2909267e-11	2.6577655e-11	1.1321028e-11
1.1892767e-8	2.6180757e-8	4.4821746e-8	7.481341e-8	1.2175127e-7	1.931947e-7	2.9893295e-7	4.5106998e-7	6.63813e-7	9.528517e-7	1.3342408e-6	1.8227614e-6	2.4298265e-6	3.1611037e-6	4.014143e-6	4.976387e-6	6.0239536e-6	7.1215627e-6	8.223845e-6	9.278076e-6	1.0228163e-5	1.1019493e-5	1.16040765e-5	1.1945297e-5	1.20216755e-5	1.18290645e-5	1.1381029e-5	1.0707307e-5	9.850626e-6	8.86231e-6	7.797296e-6	6.709212e-6	5.646119e-6	4.647358e-6	3.7417385e-6	2.9470905e-6	2.2709903e-6	1.7123587e-6	1.2635519e-6	9.125889e-7	6.452192e-7	4.4663707e-7	3.0274745e-7	2.0097558e-7	1.306766e-7	8.323301e-8	5.1938294e-8	3.1756215e-8	1.9027546e-8	1.1174572e-8	6.43398e-9	3.6330419e-9	2.0127429e-9	1.0946375e-9	5.8480376e-10	3.0715572e-10	1.5875111e-10	8.0820274e-11	4.0570786e-11	2.01008e-11	8.400873e-12
9.415237e-9	2.0592532e-8	3.5247957e-8	5.8830786e-8	9.574931e-8	1.5196599e-7	2.3521312e-7	3.5506778e-7	5.227949e-7	7.5086734e-7	1.0520924e-6	1.4383219e-6	1.91879e-6	2.4982205e-6	3.1749205e-6	3.9391625e-6	4.7721755e-6	5.6460426e-6	6.524697e-6	7.36608e-6	8.125322e-6	8.758632e-6	9.227439e-6	9.502244e-6	9.565675e-6	9.4142715e-6	9.058808e-6	8.523048e-6	7.841178e-6	7.0542633e-6	6.2062286e-6	5.3399053e-6	4.4936273e-6	3.6987224e-6	2.9780845e-6	2.345843e-6	1.8079635e-6	1.3635345e-6	1.0064414e-6	7.271402e-7	5.142988e-7	3.561535e-7	2.4150953e-7	1.6038015e-7	1.0430928e-7	6.644785e-8	4.146199e-8	2.5342827e-8	1.5174871e-8	8.902271e-9	5.117321e-9	2.8829639e-9	1.5922696e-9	8.624767e-10	4.5841383e-10	2.3923905e-10	1.22691e-10	6.188614e-11	3.07329e-11	1.5041223e-11	6.179395e-12
7.312947e-9	1.5875061e-8	2.7153904e-8	4.5298805e-8	7.3702836e-8	1.16959654e-7	1.8103381e-7	2.7332433e-7	4.025511e-7	5.7839276e-7	8.1081987e-7	1.1091028e-6	1.4805271e-6	1.928919e-6	2.4531525e-6	3.0458698e-6	3.692664e-6	4.3719647e-6	5.055783e-6	5.711371e-6	6.3036982e-6	6.798491e-6	7.165494e-6	7.3815204e-6	7.4328514e-6	7.3166757e-6	7.041339e-6	6.6253738e-6	6.0954767e-6	5.483716e-6	4.824374e-6	4.1508474e-6	3.49299e-6	2.8751638e-6	2.3151415e-6	1.8238641e-6	1.4059253e-6	1.0605831e-6	7.8306743e-7	5.659574e-7	4.004544e-7	2.7743155e-7	1.8820562e-7	1.2503e-7	8.134325e-8	5.1828156e-8	3.2340797e-8	1.9764066e-8	1.182887e-8	6.933611e-9	3.98059e-9	2.2384758e-9	1.2332502e-9	6.6582634e-10	3.5240957e-10	1.8295007e-10	9.321725e-11	4.6652814e-11	2.2954506e-11	1.1114604e-11	4.4980382e-12
5.5911493e-9	1.20299e-8	2.054453e-8	3.422976e-8	5.5638726e-8	8.822982e-8	1.364974e-7	2.0602354e-7	3.0339746e-7	4.359483e-7	6.112482e-7	8.363671e-7	1.1169036e-6	1.4558651e-6	1.8525282e-6	2.30145e-6	2.7918284e-6	3.3073882e-6	3.8269263e-6	4.325559e-6	4.776596e-6	5.153867e-6	5.4342236e-6	5.5998794e-6	5.640275e-6	5.5531846e-6	5.3449176e-6	5.029576e-6	4.6275036e-6	4.1631374e-6	3.6625902e-6	3.1512816e-6	2.6519108e-6	2.182976e-6	1.7579538e-6	1.3851235e-6	1.0679457e-6	8.0583874e-7	5.951731e-7	4.3031798e-7	3.0460433e-7	2.111175e-7	1.4327972e-7	9.522191e-8	6.1970866e-8	3.9494093e-8	2.464656e-8	1.5060499e-8	9.010703e-9	5.278318e-9	3.027204e-9	1.6998364e-9	9.346046e-10	5.032399e-10	2.6543753e-10	1.3719999e-10	6.952983e-11	3.45696e-11	1.6875754e-11	8.095967e-12	3.2345663e-12
4.2302517e-9	9.002553e-9	1.5328999e-8	2.5476357e-8	4.1324714e-8	6.542031e-8	1.0107289e-7	1.523958e-7	2.2424972e-7	3.220496e-7	4.514025e-7	6.175615e-7	8.2471144e-7	1.0751411e-6	1.3683931e-6	1.7005243e-6	2.063615e-6	2.4456701e-6	2.8310087e-6	3.2011756e-6	3.5363323e-6	3.8169883e-6	4.0258706e-6	4.1496805e-6	4.180496e-6	4.1166077e-6	3.9626734e-6	3.7291677e-6	3.4312154e-6	3.0869892e-6	2.7159008e-6	2.336834e-6	1.9666359e-6	1.6190226e-6	1.3039742e-6	1.0276127e-6	7.924887e-7	5.9816176e-7	4.4193908e-7	3.1965078e-7	2.2636154e-7	1.5695569e-7	1.0656656e-7	7.0850476e-8	4.6125106e-8	2.940264e-8	1.8351011e-8	1.1212971e-8	6.7069763e-9	3.9267913e-9	2.2502e-9	1.2619963e-9	6.9271056e-10	3.721646e-10	1.9573915e-10	1.00807904e-10	5.0857187e-11	2.5146342e-11	1.219399e-11	5.803737e-12	2.2940725e-12
3.1935246e-9	6.701158e-9	1.1352405e-8	1.8784153e-8	3.0353668e-8	4.7896634e-8	7.379716e-8	1.1101717e-7	1.6305718e-7	2.3381948e-7	3.273496e-7	4.4744564e-7	5.97145e-7	7.781271e-7	9.90098e-7	1.2302493e-6	1.4928971e-6	1.7693999e-6	2.0484313e-6	2.3166338e-6	2.5596216e-6	2.7632411e-6	2.914929e-6	3.0049987e-6	3.027665e-6	2.9816601e-6	2.8703491e-6	2.7013277e-6	2.4855728e-6	2.2362744e-6	1.9675153e-6	1.6929874e-6	1.4248967e-6	1.1731726e-6	9.4503275e-7	7.4489935e-7	5.7461085e-7	4.338442e-7	3.2065012e-7	2.320141e-7	1.6436941e-7	1.1401928e-7	7.7446124e-8	5.1509097e-8	3.3544016e-8	2.1387633e-8	1.3350097e-8	8.15696e-9	4.877952e-9	2.8546587e-9	1.6346543e-9	9.1582314e-10	5.0198173e-10	2.6918848e-10	1.412378e-10	7.251772e-11	3.6446453e-11	1.7937254e-11	8.649185e-12	4.088854e-12	1.6022477e-12
2.434241e-9	5.0138382e-9	8.425518e-9	1.38410625e-8	2.2223887e-8	3.4872627e-8	5.3469485e-8	8.0100214e-8	1.1722641e-7	1.6758975e-7	2.3403132e-7	3.1921832e-7	4.252845e-7	5.5341064e-7	7.0339104e-7	8.732503e-7	1.0589857e-6	1.2545048e-6	1.4518132e-6	1.6414727e-6	1.8133095e-6	1.957303e-6	2.0645532e-6	2.1281928e-6	2.1441183e-6	2.1114295e-6	2.0325115e-6	1.9127497e-6	1.7599258e-6	1.5833859e-6	1.3931037e-6	1.1987697e-6	1.0090167e-6	8.3086144e-7	6.694008e-7	5.27754e-7	4.072153e-7	3.0755334e-7	2.2739013e-7	1.6459659e-7	1.1665427e-7	8.095263e-8	5.500689e-8	3.6597275e-8	2.383967e-8	1.5203058e-8	9.490467e-9	5.798381e-9	3.4667211e-9	2.0279296e-9	1.1604884e-9	6.495666e-10	3.555965e-10	1.9037891e-10	9.968091e-11	5.1047565e-11	2.5573292e-11	1.2536388e-11	6.0160397e-12	2.8277229e-12	1.1004925e-12
1.901096e-9	3.8223797e-9	6.348558e-9	1.0317569e-8	1.6405034e-8	2.551565e-8	3.881479e-8	5.774062e-8	8.398366e-8	1.1942033e-7	1.6598881e-7	2.2550219e-7	2.99403e-7	3.8847674e-7	4.9255556e-7	6.102563e-7	7.3880307e-7	8.739844e-7	1.0102808e-6	1.1411805e-6	1.259665e-6	1.3588239e-6	1.4325211e-6	1.476027e-6	1.4865238e-6	1.4634078e-6	1.4083473e-6	1.3250834e-6	1.2190101e-6	1.096598e-6	9.64745e-7	8.3014737e-7	6.987652e-7	5.7543895e-7	4.636806e-7	3.6563708e-7	2.8219608e-7	2.1319396e-7	1.5767729e-7	1.1417513e-7	8.094841e-8	5.6194292e-8	3.8196223e-8	2.5419931e-8	1.6562256e-8	1.05634586e-8	6.5943495e-9	4.0285073e-9	2.407928e-9	1.4079529e-9	8.0518997e-10	4.502996e-10	2.4622793e-10	1.3163245e-10	6.8795365e-11	3.5150837e-11	1.7560526e-11	8.57928e-12	4.100236e-12	1.9177743e-12	7.424494e-13
1.5417295e-9	3.011289e-9	4.9271134e-9	7.89402e-9	1.2383793e-8	1.9020773e-8	2.8600796e-8	4.2096854e-8	6.064305e-8	8.548826e-8	1.1791201e-7	1.5909951e-7	2.0997868e-7	2.7103053e-7	3.4209378e-7	4.2219256e-7	5.094205e-7	6.0091423e-7	6.9294094e-7	7.811106e-7	8.607032e-7	9.270804e-7	9.76134e-7	1.0047086e-6	1.0109417e-6	9.944639e-7	9.564362e-7	8.9941364e-7	8.270591e-7	7.437544e-7	6.5416197e-7	5.6280084e-7	4.736881e-7	3.9008134e-7	3.143409e-7	2.479058e-7	1.91367e-7	1.4460758e-7	1.0697948e-7	7.748663e-8	5.495271e-8	3.81586e-8	2.5943349e-8	1.7268835e-8	1.12528085e-8	7.177319e-9	4.480194e-9	2.7364309e-9	1.6350771e-9	9.555828e-10	5.461176e-10	3.0514674e-10	1.6667233e-10	8.898008e-11	4.642573e-11	2.3672743e-11	1.17972195e-11	5.7465235e-12	2.736653e-12	1.2745729e-12	4.915281e-13
1.3057311e-9	2.473694e-9	3.981834e-9	6.276579e-9	9.690064e-9	1.4653397e-8	2.1706192e-8	3.149699e-8	4.476953e-8	6.232964e-8	8.49887e-8	1.13481775e-7	1.483627e-7	1.8988345e-7	2.3787103e-7	2.9161998e-7	3.4982196e-7	4.10553e-7	4.7133418e-7	5.2927254e-7	5.8127597e-7	6.243216e-7	6.5574767e-7	6.735282e-7	6.764911e-7	6.6444744e-7	6.382112e-7	5.9950634e-7	5.5077766e-7	4.94933e-7	4.3505477e-7	3.7412292e-7	3.147797e-7	2.5916293e-7	2.0881683e-7	1.646782e-7	1.271256e-7	9.6072405e-8	7.108326e-8	5.149469e-8	3.6525403e-8	2.5366553e-8	1.7248157e-8	1.1481636e-8	7.481601e-9	4.771451e-9	2.9777956e-9	1.8181998e-9	1.0859201e-9	6.342609e-10	3.62207e-10	2.0219677e-10	1.1031597e-10	5.881397e-11	3.063716e-11	1.5592359e-11	7.752928e-12	3.7664863e-12	1.7880747e-12	8.296917e-13	3.1908623e-13
1.1486138e-9	2.1168942e-9	3.3564858e-9	5.20871e-9	7.913242e-9	1.177253e-8	1.7154507e-8	2.4488804e-8	3.4253738e-8	4.695152e-8	6.30697e-8	8.3028496e-8	1.0711571e-7	1.3541404e-7	1.6772856e-7	2.0352553e-7	2.4189478e-7	2.8154813e-7	3.2086294e-7	3.5797467e-7	3.9091432e-7	4.177782e-7	4.3691065e-7	4.4707446e-7	4.4758562e-7	4.3839017e-7	4.200725e-7	3.937919e-7	3.611592e-7	3.2407004e-7	2.8452092e-7	2.44432e-7	2.0549852e-7	1.6908605e-7	1.3617526e-7	1.0735487e-7	8.285465e-8	6.2606006e-8	4.6317293e-8	3.355149e-8	2.3797027e-8	1.6525794e-8	1.1235764e-8	7.478253e-9	4.8718842e-9	3.106148e-9	1.9377302e-9	1.1825492e-9	7.058341e-10	4.1194928e-10	2.3504068e-10	1.3107052e-10	7.142358e-11	3.8025576e-11	1.9776297e-11	1.00462685e-11	4.984633e-12	2.4156514e-12	1.1435183e-12	5.288474e-13	2.0301317e-13
1.0356758e-9	1.867779e-9	2.9262381e-9	4.4830997e-9	6.718353e-9	9.851416e-9	1.4139179e-8	1.9869049e-8	2.7345799e-8	3.6871366e-8	4.8717407e-8	6.3091235e-8	8.009692e-8	9.969478e-8	1.216637e-7	1.4557226e-7	1.7076482e-7	1.9636934e-7	2.2133067e-7	2.4447152e-7	2.645782e-7	2.805033e-7	2.9127403e-7	2.961924e-7	2.9491144e-7	2.8747687e-7	2.7432628e-7	2.5624598e-7	2.3429082e-7	2.0967994e-7	1.8368199e-7	1.5750612e-7	1.3221153e-7	1.0864415e-7	8.740479e-8	6.884654e-8	5.3097036e-8	4.0097518e-8	2.965062e-8	2.1469349e-8	1.522161e-8	1.0566565e-8	7.1812405e-9	4.777543e-9	3.1108798e-9	1.9822464e-9	1.235776e-9	7.535884e-10	4.4940737e-10	2.6203217e-10	1.4933967e-10	8.31769e-11	4.526319e-11	2.4061319e-11	1.249267e-11	6.3342916e-12	3.1362601e-12	1.5162963e-12	7.158585e-13	3.3005402e-13	1.2655561e-13
9.433271e-10	1.6750823e-9	2.602056e-9	3.9493555e-9	5.8583765e-9	8.495555e-9	1.2047609e-8	1.6712614e-8	2.2686574e-8	3.0145735e-8	3.9225462e-8	4.999722e-8	6.244567e-8	7.644833e-8	9.176053e-8	1.0800823e-7	1.2469116e-7	1.4119833e-7	1.5683675e-7	1.7087308e-7	1.8258602e-7	1.9132511e-7	1.9657001e-7	1.9798253e-7	1.9544416e-7	1.8907316e-7	1.792174e-7	1.6642353e-7	1.5138585e-7	1.3488228e-7	1.17705675e-7	1.0059969e-7	8.4206285e-8	6.903018e-8	5.5421943e-8	4.357881e-8	3.3559925e-8	2.531135e-8	1.8695989e-8	1.352389e-8	9.5795665e-9	6.6441666e-9	4.5116257e-9	2.9988796e-9	1.9509345e-9	1.241934e-9	7.734506e-10	4.7113424e-10	2.8062785e-10	1.6341248e-10	9.3004354e-11	5.172301e-11	2.8101627e-11	1.4912807e-11	7.728439e-12	3.9108066e-12	1.932132e-12	9.319148e-13	4.3881362e-13	2.0172977e-13	7.7299685e-14
8.576507e-10	1.507106e-9	2.327861e-9	3.5109715e-9	5.171794e-9	7.442086e-9	1.0463893e-8	1.4379808e-8	1.9319714e-8	2.5384773e-8	3.263007e-8	4.104785e-8	5.055365e-8	6.097745e-8	7.20617e-8	8.34673e-8	9.478748e-8	1.0556931e-7	1.15340896e-7	1.2364274e-7	1.3006057e-7	1.3425719e-7	1.3600038e-7	1.3518397e-7	1.318396e-7	1.2613674e-7	1.1837065e-7	1.0893878e-7	9.830779e-8	8.69753e-8	7.5430904e-8	6.412069e-8	5.341954e-8	4.3613287e-8	3.489172e-8	2.7351488e-8	2.100704e-8	1.580671e-8	1.1651285e-8	8.412361e-9	5.948696e-9	4.1193107e-9	2.792903e-9	1.8536854e-9	1.2041397e-9	7.653899e-10	4.7593973e-10	2.894534e-10	1.7212914e-10	1.0006236e-10	5.6848717e-11	3.155738e-11	1.711253e-11	9.062972e-12	4.68695e-12	2.366492e-12	1.1664357e-12	5.6120267e-13	2.6355017e-13	1.208078e-13	4.6273684e-14
7.7184253e-10	1.3469768e-9	2.0729514e-9	3.1137692e-9	4.5658024e-9	6.5366206e-9	9.138501e-9	1.2478747e-8	1.664714e-8	2.1701508e-8	2.7652957e-8	3.445293e-8	4.198428e-8	5.0058407e-8	5.8419914e-8	6.675896e-8	7.4730615e-8	8.197919e-8	8.81649e-8	9.2989794e-8	9.622022e-8	9.7703776e-8	9.73793e-8	9.527963e-8	9.152719e-8	8.632313e-8	7.993123e-8	7.2657905e-8	6.4829884e-8	5.6771693e-8	4.878485e-8	4.113051e-8	3.4017198e-8	2.7594261e-8	2.1951111e-8	1.7121604e-8	1.3092267e-8	9.812926e-9	7.208135e-9	5.1881366e-9	3.6583205e-9	2.526655e-9	1.708873e-9	1.1315485e-9	7.333831e-10	4.651288e-10	2.885942e-10	1.7512966e-10	1.0391422e-10	6.0272655e-11	3.4165323e-11	1.8921904e-11	1.0236661e-11	5.4084623e-12	2.790152e-12	1.4052312e-12	6.90833e-13	3.3148015e-13	1.552284e-13	7.094191e-14	2.7164752e-14
6.838134e-10	1.1878584e-9	1.8238899e-9	2.7325935e-9	3.9952432e-9	5.7010885e-9	7.94107e-9	1.0798757e-8	1.4338914e-8	1.859469e-8	2.3555026e-8	2.915427e-8	3.5266115e-8	4.1703732e-8	4.8227133e-8	5.4557802e-8	6.0399486e-8	6.546261e-8	6.948939e-8	7.227629e-8	7.369087e-8	7.368117e-8	7.227682e-8	6.9582555e-8	6.576549e-8	6.1038456e-8	5.5641518e-8	4.9823644e-8	4.3826226e-8	3.7869327e-8	3.2141358e-8	2.6792408e-8	2.193115e-8	1.7625114e-8	1.3903778e-8	1.0763819e-8	8.175785e-9	6.091363e-9	4.450509e-9	3.187862e-9	2.2380262e-9	1.5395165e-9	1.0373661e-9	6.8451217e-10	4.421841e-10	2.7955604e-10	1.7292189e-10	1.0462114e-10	6.1894635e-11	3.5795644e-11	2.0231825e-11	1.1172688e-11	6.0269086e-12	3.1750485e-12	1.6331954e-12	8.201267e-13	4.0198788e-13	1.9230068e-13	8.977291e-14	4.089623e-14	1.5652925e-14
5.943325e-10	1.0291205e-9	1.5779298e-9	2.360306e-9	3.4446623e-9	4.9052935e-9	6.81663e-9	9.245107e-9	1.22390595e-8	1.5817601e-8	1.9959934e-8	2.4596924e-8	2.9606829e-8	3.4816782e-8	4.001088e-8	4.494483e-8	4.9365756e-8	5.3034945e-8	5.5750462e-8	5.7366453e-8	5.780638e-8	5.7068533e-8	5.5223296e-8	5.2402953e-8	4.878615e-8	4.4579377e-8	3.9998202e-8	3.525048e-8	3.0523054e-8	2.5972657e-8	2.1721116e-8	1.7854248e-8	1.4423711e-8	1.1450902e-8	8.932096e-9	6.8441413e-9	5.1501354e-9	3.8046952e-9	2.7585387e-9	1.9622062e-9	1.3688624e-9	9.36191e-10	6.27477e-10	4.120022e-10	2.6491795e-10	1.6675487e-10	1.02718965e-10	6.189884e-11	3.6478355e-11	2.1017282e-11	1.1835358e-11	6.5122725e-12	3.5004263e-12	1.837579e-12	9.419254e-13	4.71358e-13	2.3023852e-13	1.0975848e-13	5.106039e-14	2.3178367e-14	8.864704e-15
5.056611e-10	8.735113e-10	1.3382092e-9	1.9997852e-9	2.9152614e-9	4.146105e-9	5.753186e-9	7.789724e-9	1.02926005e-8	1.3272904e-8	1.6706977e-8	2.0529578e-8	2.4630783e-8	2.8857984e-8	3.302367e-8	3.6918877e-8	4.033096e-8	4.3063697e-8	4.4956874e-8	4.5902553e-8	4.585562e-8	4.4837147e-8	4.293013e-8	4.0268695e-8	3.702257e-8	3.337935e-8	2.952708e-8	2.563937e-8	2.1864386e-8	1.8318401e-8	1.5083627e-8	1.22096635e-8	9.717456e-9	7.604675e-9	5.8515774e-9	4.4266333e-9	3.2914667e-9	2.4048958e-9	1.7260108e-9	1.2163579e-9	8.4132984e-10	5.7090843e-10	3.798976e-10	2.4778296e-10	1.5833965e-10	9.90913e-11	6.070591e-11	3.6392105e-11	2.1340502e-11	1.223698e-11	6.859258e-12	3.7573777e-12	2.0108477e-12	1.0511197e-12	5.365449e-13	2.673951e-13	1.3008203e-13	6.176347e-14	2.8618174e-14	1.293916e-14	4.9423657e-15
4.2056814e-10	7.251409e-10	1.1103798e-9	1.6583913e-9	2.4159876e-9	3.4333842e-9	4.7599253e-9	6.438138e-9	8.4964595e-9	1.0941368e-8	1.3750012e-8	1.6864698e-8	2.0190598e-8	2.3597805e-8	2.6928317e-8	3.0007723e-8	3.266051e-8	3.4727147e-8	3.6080532e-8	3.663948e-8	3.6377035e-8	3.532251e-8	3.3557043e-8	3.1203395e-8	2.8411966e-8	2.5345e-8	2.2161435e-8	1.9004194e-8	1.5991194e-8	1.3210569e-8	1.0719811e-8	8.548124e-9	6.7009087e-9	5.165315e-9	3.9159254e-9	2.9199203e-9	2.1413122e-9	1.5441394e-9	1.094642e-9	7.625736e-10	5.218332e-10	3.5060468e-10	2.3116552e-10	1.494946e-10	9.477709e-11	5.8876216e-11	3.5820135e-11	2.1333808e-11	1.24330875e-11	7.0874183e-12	3.950372e-12	2.1522103e-12	1.1457685e-12	5.9587567e-13	3.026595e-13	1.5010579e-13	7.267765e-14	3.434722e-14	1.5841918e-14	7.130159e-15	2.7182037e-15
3.4165565e-10	5.8811195e-10	9.003409e-10	1.3442946e-9	1.9576931e-9	2.7808715e-9	3.8532626e-9	5.2085203e-9	6.8685844e-9	8.837276e-9	1.1094343e-8	1.3591075e-8	1.624858e-8	1.8959685e-8	2.1594868e-8	2.4012046e-8	2.6069287e-8	2.7638912e-8	2.862095e-8	2.8954018e-8	2.8621871e-8	2.7654647e-8	2.6124688e-8	2.4137693e-8	2.1820709e-8	1.9308791e-8	1.6732374e-8	1.420677e-8	1.18250005e-8	9.654203e-9	7.735432e-9	6.0861582e-9	4.704506e-9	3.57431e-9	2.6701554e-9	1.9618238e-9	1.4178269e-9	1.0079304e-9	7.0474315e-10	4.845299e-10	3.2745429e-10	2.1743779e-10	1.4179484e-10	9.076037e-11	5.6990624e-11	3.508667e-11	2.1167922e-11	1.2507986e-11	7.2353365e-12	4.0954002e-12	2.2673586e-12	1.2273447e-12	6.493624e-13	3.35698e-13	1.6952446e-13	8.360499e-14	4.025827e-14	1.8924297e-14	8.682734e-15	3.8878296e-15	1.4780773e-15
2.7094502e-10	4.65681e-10	7.128572e-10	1.064238e-9	1.5495889e-9	2.200676e-9	3.0484504e-9	4.119158e-9	5.4296057e-9	6.9820763e-9	8.759621e-9	1.072261e-8	1.280746e-8	1.492824e-8	1.6981533e-8	1.8854362e-8	2.0434435e-8	2.1621451e-8	2.2337838e-8	2.2537357e-8	2.2210166e-8	2.13836e-8	2.0118534e-8	1.8502048e-8	1.6637536e-8	1.46338905e-8	1.2595248e-8	1.0612639e-8	8.758337e-9	7.0832016e-9	5.6167817e-9	4.369612e-9	3.3368903e-9	2.5027704e-9	1.8445718e-9	1.3364376e-9	9.52184e-10	6.672691e-10	4.5996065e-10	3.1185463e-10	2.0792675e-10	1.3628823e-10	8.778416e-11	5.5535552e-11	3.4489606e-11	2.101459e-11	1.2555094e-11	7.3509055e-12	4.215504e-12	2.3666052e-12	1.3000691e-12	6.9853075e-13	3.6695682e-13	1.8841004e-13	9.451888e-14	4.6316924e-14	2.216476e-14	1.0356128e-14	4.7235055e-15	2.1027972e-15	7.965676e-16
2.0968313e-10	3.598519e-10	5.508733e-10	8.224098e-10	1.1974317e-9	1.7004232e-9	2.3551903e-9	3.1818324e-9	4.193067e-9	5.3902816e-9	6.7598918e-9	8.270691e-9	9.872896e-9	1.1499457e-8	1.30699025e-8	1.44965595e-8	1.569259e-8	1.6580808e-8	1.7102053e-8	1.7221824e-8	1.6934152e-8	1.6262065e-8	1.5254628e-8	1.398104e-8	1.2522818e-8	1.0965239e-8	9.389321e-9	7.8653e-9	6.448308e-9	5.176415e-9	4.070856e-9	3.137986e-9	2.372299e-9	1.7599008e-9	1.281883e-9	9.1722213e-10	6.4500477e-10	4.4593446e-10	3.031846e-10	2.0273243e-10	1.3332496e-10	8.621929e-11	5.4812543e-11	3.424275e-11	2.1011845e-11	1.26571115e-11	7.4805405e-12	4.3351846e-12	2.4621247e-12	1.3696252e-12	7.458618e-13	3.9744084e-13	2.0713582e-13	1.05544696e-13	5.2561085e-14	2.5574354e-14	1.2154567e-14	5.641129e-15	2.5562036e-15	1.1307116e-15	4.2643424e-16
1.583206e-10	2.7129934e-10	4.153583e-10	6.2014816e-10	9.029878e-10	1.282325e-9	1.7760731e-9	2.3993154e-9	3.1615182e-9	4.0635437e-9	5.0948925e-9	6.231709e-9	7.4360793e-9	8.65705e-9	9.833572e-9	1.0899268e-8	1.17885355e-8	1.244328e-8	1.2819255e-8	1.2891081e-8	1.26551365e-8	1.2129848e-8	1.1353353e-8	1.0378938e-8	9.269016e-9	8.088578e-9	6.8990613e-9	5.7534146e-9	4.692842e-9	3.745388e-9	2.926192e-9	2.239065e-9	1.6788659e-9	1.2342111e-9	8.900821e-10	6.3005373e-10	4.3798373e-10	2.9913894e-10	2.0081135e-10	1.325329e-10	8.600925e-11	5.4885756e-11	3.4436183e-11	2.1237477e-11	1.2869634e-11	7.659638e-12	4.4751117e-12	2.565139e-12	1.4417171e-12	7.940789e-13	4.2837383e-13	2.262209e-13	1.1689197e-13	5.9073026e-14	2.9186086e-14	1.4092659e-14	6.648246e-15	3.063386e-15	1.3784023e-15	6.0554094e-16	2.2719997e-16
1.1661039e-10	1.9952046e-10	3.0551392e-10	4.562099e-10	6.6435857e-10	9.435368e-10	1.3069187e-9	1.7655782e-9	2.32643e-9	2.9900205e-9	3.7484935e-9	4.58412e-9	5.4687868e-9	6.3647634e-9	7.226899e-9	8.0061575e-9	8.654161e-9	9.128176e-9	9.395808e-9	9.438706e-9	9.254682e-9	8.857886e-9	8.277024e-9	7.551947e-9	6.729137e-9	5.8568284e-9	4.980451e-9	4.1389803e-9	3.3625474e-9	2.6714286e-9	2.0762856e-9	1.5793765e-9	1.1763692e-9	8.583819e-10	6.1394206e-10	4.306463e-10	2.964115e-10	2.0029656e-10	1.329405e-10	8.669919e-11	5.557404e-11	3.5018877e-11	2.1693189e-11	1.3209762e-11	7.905347e-12	4.64789e-12	2.683575e-12	1.5208223e-12	8.4550276e-13	4.608711e-13	2.4616602e-13	1.2877294e-13	6.593949e-14	3.303572e-14	1.618641e-14	7.753113e-15	3.6291927e-15	1.659664e-15	7.412959e-16	3.2331488e-16	1.2062154e-16
8.377555e-11	1.4311649e-10	2.1918942e-10	3.273653e-10	4.7680593e-10	6.7726647e-10	9.382094e-10	1.2675818e-9	1.6703298e-9	2.1468074e-9	2.6913092e-9	3.2910121e-9	3.92561e-9	4.567873e-9	5.18524e-9	5.742374e-9	6.2044605e-9	6.5407977e-9	6.7281944e-9	6.753641e-9	6.6158226e-9	6.325223e-9	5.902824e-9	5.377606e-9	4.7832702e-9	4.154694e-9	3.5246377e-9	2.9211036e-9	2.3656315e-9	1.8725836e-9	1.4493486e-9	1.0972449e-9	8.1285395e-10	5.8951705e-10	4.1876114e-10	2.9150457e-10	1.9895828e-10	1.3321215e-10	8.754039e-11	5.6487665e-11	3.5805227e-11	2.2300467e-11	1.3650062e-11	8.211694e-12	4.854861e-12	2.8202059e-12	1.6091999e-12	9.0154777e-13	4.9569057e-13	2.6733075e-13	1.4134051e-13	7.3219297e-14	3.714442e-14	1.8443802e-14	8.959655e-15	4.2562694e-15	1.9764953e-15	8.968963e-16	3.9759213e-16	1.7213504e-16	6.38362e-17
5.870086e-11	1.0012003e-10	1.5337334e-10	2.2911625e-10	3.3377254e-10	4.7418286e-10	6.5698214e-10	8.8774077e-10	1.1699198e-9	1.503752e-9	1.88521e-9	2.3052624e-9	2.7496172e-9	3.1991176e-9	3.6308656e-9	4.0200274e-9	4.3421537e-9	4.575713e-9	4.704486e-9	4.719442e-9	4.6197943e-9	4.41307e-9	4.114176e-9	3.7436263e-9	3.3252192e-9	2.8835347e-9	2.4416076e-9	2.0190727e-9	1.6309695e-9	1.2872523e-9	9.929496e-10	7.488152e-10	5.522826e-10	3.9852913e-10	2.8148786e-10	1.9469902e-10	1.3194312e-10	8.764945e-11	5.7104554e-11	3.650582e-11	2.2909497e-11	1.4118712e-11	8.547255e-12	5.083823e-12	2.9710852e-12	1.7059867e-12	9.622646e-13	5.330233e-13	2.898444e-13	1.5465136e-13	8.092719e-14	4.151047e-14	2.085986e-14	1.0264282e-14	4.9430234e-15	2.3286374e-15	1.0726826e-15	4.8298597e-16	2.1249267e-16	9.132091e-17	3.366029e-17
4.011377e-11	6.8305625e-11	1.0466324e-10	1.56388e-10	2.2787401e-10	3.238016e-10	4.4871115e-10	6.0641436e-10	7.9927825e-10	1.0274575e-9	1.288186e-9	1.5752668e-9	1.8788964e-9	2.185936e-9	2.4806852e-9	2.7461204e-9	2.9654923e-9	3.124066e-9	3.210764e-9	3.2194545e-9	3.1496727e-9	3.0066638e-9	2.8007325e-9	2.5460185e-9	2.2588975e-9	1.9562543e-9	1.6538828e-9	1.3652146e-9	1.1005025e-9	8.6649116e-10	6.6653505e-10	5.010548e-10	3.682004e-10	2.645879e-10	1.8599829e-10	1.2796264e-10	8.6196314e-11	5.6876368e-11	3.6781123e-11	2.3322747e-11	1.4507725e-11	8.85666e-12	5.3082465e-12	3.1243985e-12	1.8063268e-12	1.0258223e-12	5.7223437e-13	3.1349535e-13	1.6862683e-13	8.90233e-14	4.610779e-14	2.3416876e-14	1.1655898e-14	5.683283e-15	2.713112e-15	1.2674731e-15	5.7917995e-16	2.5876737e-16	1.1299573e-16	4.82086e-17	1.7661846e-17
2.6732765e-11	4.5444096e-11	6.965168e-11	1.04100305e-10	1.5172191e-10	2.1564048e-10	2.988875e-10	4.0400858e-10	5.3258475e-10	6.8471895e-10	8.5856194e-10	1.0499704e-9	1.252389e-9	1.4570328e-9	1.6534036e-9	1.830122e-9	1.9759958e-9	2.081186e-9	2.138308e-9	2.1432927e-9	2.0958693e-9	1.999589e-9	1.861387e-9	1.6907598e-9	1.4986866e-9	1.2964743e-9	1.0946826e-9	9.022747e-10	7.260725e-10	5.705404e-10	4.3786946e-10	3.2828748e-10	2.405079e-10	1.7222601e-10	1.2058897e-10	8.2587916e-11	5.534791e-11	3.6312023e-11	2.3332591e-11	1.4690717e-11	9.067642e-12	5.4892484e-12	3.260456e-12	1.9008386e-12	1.0880138e-12	6.115411e-13	3.3756095e-13	1.8297772e-13	9.738662e-14	5.0879866e-14	2.6084942e-14	1.3117521e-14	6.4674087e-15	3.1247221e-15	1.478686e-15	6.8502694e-16	3.1052617e-16	1.3767402e-16	5.96745e-17	2.5278143e-17	9.20587e-18
1.7373145e-11	2.9482805e-11	4.520072e-11	6.757454e-11	9.8512386e-11	1.4004814e-10	1.941563e-10	2.6249566e-10	3.460973e-10	4.4502932e-10	5.5808763e-10	6.8257244e-10	8.1421087e-10	9.472757e-10	1.0749227e-9	1.1897339e-9	1.2844146e-9	1.3525562e-9	1.3893553e-9	1.3921743e-9	1.3608571e-9	1.2977429e-9	1.2073779e-9	1.0959756e-9	9.707116e-10	8.389668e-10	7.076257e-10	5.8252225e-10	4.6808546e-10	3.672011e-10	2.8126892e-10	2.1040819e-10	1.537529e-10	1.0977777e-10	7.660569e-11	5.2264096e-11	3.4873618e-11	2.2767281e-11	1.4548829e-11	9.10414e-12	5.581367e-12	3.3537372e-12	1.9760278e-12	1.1421052e-12	6.4776537e-13	3.6061678e-13	1.9709223e-13	1.0576043e-13	5.5717932e-14	2.8815495e-14	1.4625618e-14	7.283149e-15	3.5568874e-15	1.7028397e-15	7.987732e-16	3.6694997e-16	1.6501095e-16	7.260013e-17	3.1238347e-17	1.3139736e-17	4.7572567e-18
1.100986e-11	1.8651677e-11	2.860366e-11	4.277416e-11	6.237428e-11	8.8695516e-11	1.229923e-10	1.6631908e-10	2.1933215e-10	2.8207608e-10	3.5378717e-10	4.3275053e-10	5.162512e-10	6.0064875e-10	6.815924e-10	7.543667e-10	8.143351e-10	8.5742646e-10	8.805916e-10	8.8216207e-10	8.620489e-10	8.2175167e-10	7.641737e-10	6.932771e-10	6.1363276e-10	5.29938e-10	4.465692e-10	3.6722977e-10	2.9472505e-10	2.3087587e-10	1.7655637e-10	1.318264e-10	9.6120834e-11	6.84578e-11	4.7634976e-11	3.2392766e-11	2.1534009e-11	1.39993165e-11	8.903433e-12	5.5418205e-12	3.37735e-12	2.0161266e-12	1.1794147e-12	6.7640094e-13	3.8045055e-13	2.0993924e-13	1.1368562e-13	6.042434e-14	3.1524567e-14	1.6143906e-14	8.114042e-15	4.001656e-15	1.9359038e-15	9.18347e-16	4.2699595e-16	1.9450706e-16	8.676325e-17	3.7880832e-17	1.6180306e-17	6.7584655e-18	2.4326728e-18
6.8036184e-12	1.15057104e-11	1.7650133e-11	2.6401806e-11	3.8510375e-11	5.4775635e-11	7.597483e-11	1.0276184e-10	1.3554413e-10	1.7435056e-10	2.1870904e-10	2.6755792e-10	3.192152e-10	3.7142509e-10	4.214907e-10	4.664891e-10	5.035467e-10	5.301409e-10	5.4438387e-10	5.452451e-10	5.3267496e-10	5.0760934e-10	4.7185483e-10	4.2787374e-10	3.7850453e-10	3.2666134e-10	2.7505692e-10	2.2598383e-10	1.8117546e-10	1.4175297e-10	1.0824976e-10	8.069437e-11	5.872866e-11	4.1737593e-11	2.8971221e-11	1.9645929e-11	1.3018545e-11	8.432726e-12	5.341146e-12	3.3091767e-12	2.0062903e-12	1.1907862e-12	6.9218535e-13	3.9422277e-13	2.2007321e-13	1.2046497e-13	6.4679e-14	3.4071185e-14	1.7612065e-14	8.934499e-15	4.447975e-15	2.1728968e-15	1.0413873e-15	4.895054e-16	2.2559034e-16	1.01888336e-16	4.507935e-17	1.9529041e-17	8.280075e-18	3.4343335e-18	1.2289036e-18
4.0995866e-12	6.9206234e-12	1.06197265e-11	1.5890135e-11	2.3184326e-11	3.2985302e-11	4.5762727e-11	6.1912024e-11	8.168005e-11	1.05085066e-10	1.318427e-10	1.6131228e-10	1.9247794e-10	2.239767e-10	2.5417882e-10	2.8131766e-10	3.0365643e-10	3.1967085e-10	3.2822098e-10	3.286858e-10	3.2103795e-10	3.0584632e-10	2.8420635e-10	2.5760966e-10	2.2777424e-10	1.9646285e-10	1.6531489e-10	1.3571431e-10	1.0870575e-10	8.496283e-11	6.48034e-11	4.824017e-11	3.5052603e-11	2.4865643e-11	1.7223632e-11	1.1651574e-11	7.69982e-12	4.9719504e-12	3.1379836e-12	1.936389e-12	1.1687062e-12	6.901637e-13	3.989371e-13	2.2580738e-13	1.2520707e-13	6.8037156e-14	3.624489e-14	1.8935105e-14	9.7032994e-15	4.8784227e-15	2.4065085e-15	1.1647768e-15	5.5309997e-16	2.576256e-16	1.1767461e-16	5.269131e-17	2.3120077e-17	9.936871e-18	4.1814592e-18	1.7219865e-18	6.1245357e-19
2.4086282e-12	4.0588557e-12	6.2302763e-12	9.325069e-12	1.3609549e-11	1.9368146e-11	2.6877604e-11	3.6371135e-11	4.7994594e-11	6.1759306e-11	7.749831e-11	9.4834696e-11	1.1317032e-10	1.3170233e-10	1.4947044e-10	1.6543351e-10	1.785681e-10	1.8797601e-10	1.9298596e-10	1.9323276e-10	1.887016e-10	1.7972936e-10	1.669634e-10	1.5128437e-10	1.3370605e-10	1.15267795e-10	9.693568e-11	7.952433e-11	6.364772e-11	4.9700705e-11	3.786821e-11	2.8155377e-11	2.0430128e-11	1.4469742e-11	1.00045215e-11	6.7538804e-12	4.4526496e-12	2.8674123e-12	1.8041755e-12	1.1094501e-12	6.669798e-13	3.9213985e-13	2.255538e-13	1.2697128e-13	6.9980426e-14	3.7777483e-14	1.9981982e-14	1.03596585e-14	5.2660775e-15	2.625262e-15	1.2837469e-15	6.158142e-16	2.8979244e-16	1.337691e-16	6.0559514e-17	2.6881836e-17	1.1696299e-17	4.9864453e-18	2.0821445e-18	8.51183e-19	3.0082982e-19
1.2273951e-12	2.092794e-12	3.2055717e-12	4.787961e-12	6.973835e-12	9.905545e-12	1.3720828e-11	1.8534759e-11	2.441785e-11	3.1372616e-11	3.9312054e-11	4.8044166e-11	5.72669e-11	6.6576716e-11	7.549257e-11	8.349419e-11	9.007105e-11	9.477583e-11	9.7274674e-11	9.738632e-11	9.510395e-11	9.0595816e-11	8.418482e-11	7.631031e-11	6.747846e-11	5.820896e-11	4.898566e-11	4.021765e-11	3.2214377e-11	2.5176092e-11	1.919803e-11	1.4285112e-11	1.0372989e-11	7.351201e-12	5.085053e-12	3.433777e-12	2.2638853e-12	1.4575353e-12	9.16545e-13	5.630645e-13	3.3802139e-13	1.9835172e-13	1.1380716e-13	6.386921e-14	3.507171e-14	1.8850657e-14	9.9211605e-15	5.114745e-15	2.5838126e-15	1.2794064e-15	6.211261e-16	2.9570624e-16	1.3807148e-16	6.3230665e-17	2.839957e-17	1.2508324e-17	5.4013037e-18	2.2860669e-18	9.480349e-19	3.8507103e-19	1.3236597e-19
