833.2737716281281	789.4057765610963	639.1479688384534	522.1942106032137	430.53683763096825	358.2242520402131	300.80510429989283	254.92906772909248	218.0592268842912	188.26265616653058	164.0573732305919	144.30015929487837	128.10278219997343	114.76979291722851	103.75148288097827	94.6079227958871	86.98176099759701	80.57784162478718	75.14913760431315	70.4892414557887	66.43008959862169	62.840772467110824	59.61927253949402	56.6724795002361	53.896259529468004	51.180420152608626	48.44391390975303	45.669385095159825	42.904441474442244	40.2323959876039	37.73773166817461	35.4848097851077	33.512081692166895	31.835888363667106	30.45751725157473	29.37001830146115	28.56342458405662	28.02835270670758	27.758331247099903	27.751327515802963	28.010787273932937	28.546564407540536	29.375835249447768	30.52421388091193	32.027200800018974	33.932050421050675	36.30025918642767	39.210871895753264	42.76482508008006	47.09063095412667	52.351929717725476	58.75748254469809	66.57436908536995	76.14566729855913	87.91402720124596	102.45350528803581	120.51248932037687	143.0721912102119	171.4266987561806	207.2927145045071	221.45356148605987
796.9355028333639	724.9278867006285	590.2907797015928	485.05725025919867	402.2390710530253	336.62580988512343	284.30778816677787	242.3327581009632	208.45770795171256	180.96771197807405	158.54344740562325	140.16306206272935	125.0294914643121	112.51574188480302	102.12323898070174	93.44987150946243	86.16501673536509	79.98994396078072	74.68341582006872	70.0327366220562	65.85214303549375	61.989895135794036	58.34146035649912	54.85943993349326	51.54498971867734	48.41709723049338	45.47996028100797	42.7174029775009	40.1137169621819	37.67322130866499	35.420318522875476	33.38646696884709	31.59772741448686	30.06927572601064	28.80580297164742	27.80479092802034	27.060246492346245	26.565827128480137	26.31714232839655	26.31336433397717	26.558395834125065	27.061849754252563	27.83998900909689	28.91683507662173	30.32551637413893	32.11007860932415	34.32774912482668	37.052057169996026	40.37679003398121	44.42131601170583	49.33754853589054	55.3191472489659	62.61373801271322	71.539232000487	82.50554159589967	96.0439329103761	112.84660699588068	133.82056267971635	160.16117426791757	193.4534170663395	208.20031195716774
621.1616941343995	567.8236922885618	462.03767640009437	379.40042751274535	314.4018341623854	262.93539285742213	221.9212434753871	189.03496261789536	162.51156631679507	141.00263079242526	123.47163623678517	109.11696762231915	97.31456490034681	87.57508309630062	79.51142749685206	72.81386760922402	67.23059672903251	62.552346497023514	58.60011290598812	55.215923139743566	52.25730981608346	49.597021745614065	47.129258681699476	44.78086974543082	42.52031383106492	40.35212796932572	38.29325201606258	36.347222158640605	34.499983680435314	32.7380607614631	31.06598587241893	29.507291753699494	28.093594870497576	26.853491581677105	25.80710195024871	24.96575201010899	24.334413417316703	23.91473399525113	23.70778410823438	23.71616230245466	23.94560568718531	24.406235804374088	25.113724588053095	26.090434712679482	27.36679804168607	28.98298471531695	30.991070150489477	33.4578288901057	36.468413406786766	40.13115827249815	44.58391971480189	50.002447575131306	56.61154516451425	64.69974651368547	74.63926856746474	86.91249666802683	102.14811606917905	121.17000168455525	145.06417576380733	175.27084068992474	188.26540749836366
488.4400244401227	448.7760912491352	364.90327635633105	299.4206721014779	247.9439465207428	207.20728061987137	174.76224150021346	148.76201313158452	127.8049473252058	110.82085845734984	96.98781307482669	85.67072407343544	76.3759924131882	68.71746673803545	62.39086144319147	57.15425648991781	52.81285824726048	49.20706234763172	46.20268603235727	43.683101766538336	41.543166514089165	39.68565918810098	38.02154725987148	36.475341966228356	34.99455518402704	33.55755778274721	32.17007991707551	30.84655772303155	29.589266467254035	28.38508597847821	27.221400435594475	26.101881411860223	25.048121219652252	24.090535874326843	23.258451881997598	22.574731963688222	22.05502270087752	21.709507580071087	21.545433023484968	21.56951764558199	21.789915512878427	22.217816757128137	22.86881930687666	23.764205640801308	24.932359420014986	26.410392615369513	28.246194787945054	30.5010398733309	33.25297678297963	36.60125941475658	40.67217123903782	45.6267208886132	51.670796011692715	59.06877617992036	68.16169687808919	79.39163019123765	93.33478326515883	110.74638395054201	132.62211807901548	160.28261740701893	171.8567580189575
387.48773996189396	357.89556468264595	290.790887329916	238.42915092821292	197.29015159734698	164.75268087055818	138.85260983814902	118.10914340649296	101.3989578091409	87.86481516580842	76.84879554510529	67.84298245122744	60.45306598579837	54.371093567319335	49.355155896114994	45.21374118665859	41.793874876619526	38.97171602782224	36.644953576498736	34.72656677619095	33.13955407752285	31.812850107518933	30.678875048855478	29.674079711909084	28.743393327328814	27.848208831128574	26.973271677835267	26.124423530745577	25.31366950570319	24.5419484812957	23.7965349984437	23.065071456751507	22.349936024660746	21.67047097840627	21.05533909696044	20.533652407900217	20.129809154469484	19.862387952245182	19.745409193810485	19.79046758134167	20.0088708697985	20.413525774297984	21.020548419265555	21.850737624863136	22.93104022804272	24.296238768020988	25.99088870527332	28.071809578219273	30.611256425889163	33.70104441740066	37.457943783113386	42.03080677797672	47.60999846990518	54.43996989804106	62.83606679129177	73.20714679620245	86.08616186610014	102.17176491895859	122.38514059311096	147.94830199077518	158.372230228851
310.1429208165211	288.00935695397453	233.8303121090001	191.5781793241104	158.40068149459256	132.17488864064427	111.31077728625694	94.61009667649492	81.16429206129764	70.28045560019484	61.427006010880994	54.19388518627458	48.26304370972499	43.38643703838181	39.36958682971498	36.059090539910606	33.33309783432912	31.09389583020791	29.26196585618645	27.771149971753236	26.56444212764677	25.590446485994544	24.800425581059816	24.146642199638517	23.58284071692121	23.06801837929652	22.573119020082185	22.087076820921	21.61538801253876	21.167916647306534	20.744410059181693	20.3323534516428	19.919390700857296	19.5065863971885	19.11107031346637	18.75965499254993	18.480859038216416	18.29998824821568	18.23778895936285	18.31134496061775	18.53590510703874	18.926833882314522	19.501456797255972	20.280710429066964	21.29076016813474	22.564708919052414	24.14456115039233	26.08359806204835	28.449406820546848	31.327740419530326	34.82760868791011	39.087920885314055	44.28632450439739	50.65093242834759	58.4760456842478	68.14323392596366	80.1499974496153	95.14852994409966	113.99893050831227	137.8422403865809	147.33828462727863
250.46166812098195	233.88073425106907	189.73728243917222	155.33082904477286	128.32915109417456	106.99720963700575	90.03603614287287	76.46711444308188	65.54888082814202	56.71602942769854	49.535123513065194	43.67201497522389	38.86770656958046	34.92044126108632	31.672245965106722	28.998852911237698	26.801949223389013	25.003240219674613	23.53978501418822	22.360180836029112	21.421362159939974	20.68575647542745	20.118752311675383	19.68656192745551	19.35493866778354	19.0896570361872	18.859604630211127	18.642473550619247	18.430032991385602	18.227276091611795	18.042292602435335	17.873870211600924	17.70966126242179	17.537288890642614	17.356639793368565	17.182868240221488	17.04109690537578	16.959207804643235	16.96317992636369	17.075573557796794	17.3161866696884	17.703639268792628	18.257227895205357	18.998735252998113	19.95420851404285	21.155755168427667	22.643545820091976	24.468155374657123	26.693479889318755	29.400428737256952	32.69175165045215	36.698311344027836	41.58742377571503	47.57393837370592	54.935022086433754	64.03009966570086	75.32779290260626	89.4425170133013	107.18464569795941	129.62936388303794	138.38281732017387
204.08765045448442	191.6612939907028	155.3645914395519	127.08984695874469	104.91272449633045	87.4021481182272	73.48721206028478	62.36153963244788	53.414274457174464	46.17999965357481	40.30200845706018	35.505479312306626	31.57752769574726	28.352442394315645	25.70064415992375	23.520368273614157	21.7313449004223	20.269986834552878	19.085615752027177	18.137461117630803	17.392191627422452	16.821723177096224	16.40126286387313	16.10742109252383	15.916587008075643	15.80392232691064	15.743730795182394	15.712041529094014	15.691432899745505	15.675680507439248	15.669261175723074	15.678836271083345	15.702491648884841	15.728096153674045	15.743319328884802	15.747092172810763	15.752949387343156	15.784605104331826	15.86947794236151	16.034238160226163	16.303231127923723	16.69893518652512	17.24339933496136	17.960034025004827	18.875497977366326	20.021616956307998	21.437441512723755	23.17162648362321	25.285270752539812	27.855518883528962	30.980174059589483	34.78369852283805	39.42516588483245	45.10880887789075	52.09807900753698	60.734634610722246	71.46395483094112	84.87015145906922	101.72371563233955	123.04696801010341	131.21444748992727
167.80713219587832	158.50448564536003	128.38527613622838	104.93572640353005	86.553467081708	72.0473584236509	60.52640564720383	51.31998227746347	43.920314173674605	37.94064728466591	33.08474297347151	29.12444818955279	25.883143324303823	23.223445966311385	21.038017177313687	19.242664819327352	17.771137171990794	16.57112410785523	15.601215145783888	14.82845685507049	14.226432262084248	13.773580839831032	13.451717400564348	13.244586377157523	13.136452468208557	13.110798641763111	13.14950045954812	13.23306321944877	13.342802589581275	13.4649467815302	13.594754279742583	13.736262537258968	13.895016214655252	14.06864163278655	14.245310100445206	14.412852902098015	14.569525139972223	14.7276252428526	14.909857069171531	15.143465521906869	15.456056429494977	15.873958477739722	16.422566243269063	17.127701862738405	18.017434698014934	19.124056968064824	20.48626332870356	22.151553480449994	24.179091956573092	26.643241101881014	29.63804959284747	33.28304390079571	37.73090474269323	43.17756497605828	49.87577758861959	58.153288091681496	68.43745094367333	81.28865157038908	97.44610623638229	117.89078768761681	125.60699585532186
139.23454491553076	132.2914387506596	107.06793794647795	87.44070628950001	72.06329276485027	59.93513709646572	50.30814635144504	42.619470750906544	36.44308986067977	31.454705309542195	27.40598424153328	24.105790330093804	21.406213454878994	19.19227655689431	17.374210600013612	15.881680779689358	14.659415947878054	13.663898311070987	12.860818868764694	12.223111087629963	11.729378089964326	11.362616593613183	11.109074899143186	10.95720667069344	10.896597233454349	10.91685168674494	11.00652891447162	11.15240641644456	11.339651364593887	11.553598943259757	11.783303473566312	12.025173907490702	12.282920058242789	12.561261338498856	12.857565493851911	13.160437741171615	13.458009832485782	13.748171137069814	14.04239773720189	14.362830690425794	14.736986396733364	15.193789203255973	15.76197115185576	16.470349693092313	17.34917932949998	18.43204606017156	19.758087251424822	21.374451402599906	23.33922418070145	25.724933205044092	28.62296769859894	32.14928234457481	36.451798786789794	41.72029186774268	48.19947229870904	56.20663161402279	66.15550568787901	78.5886300028762	94.22165687595468	114.00439044196976	121.3875982507497
116.58776131599173	111.43486707393161	90.11610002990876	73.5361882960439	60.55331594913227	50.31935838265225	42.200374654976955	35.71963497089687	30.516453345807683	26.31633984057595	22.90923496889586	20.133497927009923	17.86412724839214	16.003986070987537	14.477290978313818	13.224705995573027	12.199660147938536	11.365552177069501	10.693609214626223	10.161274016852026	9.750896353598328	9.44871948681151	9.24401848314037	9.128321802944532	9.09463825786994	9.136640009582308	9.247770768260926	9.420328688510866	9.644805738299414	9.909965703818862	10.20431442087058	10.519182197249641	10.851941481106133	11.206100159173511	11.585803496044381	11.98837057553229	12.402959524792026	12.818204480961523	13.231940394247392	13.655289065775447	14.110346269334354	14.625435205753861	15.231378011808033	15.95995679133754	16.84418734739026	17.919752965082317	19.22707377469766	20.81382275015966	22.737873872824007	25.070871776078967	27.90263010571555	31.346775854779743	35.54804563351177	40.69198199036413	47.01772547196114	54.835282689772505	64.54885154977714	76.68846201054467	91.95329924191279	111.27129721101892	118.42784503557772
98.52744595885751	94.73849235063174	76.55305935994923	62.417436853884084	51.354458853106465	42.63855960812079	35.72765172142729	30.214194413933217	25.789990970554243	22.220591642490753	19.32663477887463	16.970178114268453	15.044581164477034	13.467021865536772	12.172913181710372	11.11172131251694	10.24381674530539	9.538093332182205	8.970160013458369	8.520958884081006	8.175694579077547	7.923002901225544	7.754264665025286	7.663031234185276	7.644471977053313	7.694813793632608	7.810685567717275	7.988382011956863	8.223067132046147	8.508150321132117	8.835283471612305	9.195580316392935	9.582280172040202	9.993637019642158	10.43309648578477	10.904471070253368	11.405221620911147	11.925225151003806	12.453837795021046	12.989213276278361	13.542619027008282	14.13672007725843	14.801323359748507	15.56992027677594	16.478249325343622	17.56465318968103	18.87166950981569	20.44838307218317	22.353411797597726	24.658490866983875	27.45295586234204	30.84933203619643	34.990691417166225	40.06014569329033	46.29360280679286	53.99675702963216	63.56810402111265	75.53014484283631	90.57217942818099	109.60898870242683	116.63717044699042
84.04090278277307	81.29521072665135	65.6385466933099	53.47478443040934	43.95997794795034	36.4677452021414	30.530214114267572	25.795813266459604	21.998747839079986	18.936916087987253	16.455756003220916	14.436450626257042	12.787176662818043	11.436654703708905	10.329322258988629	9.421735389232328	8.679842666083529	8.076946164144676	7.592142304351014	7.209140611405776	6.915365804171463	6.701247370916414	6.559685105395855	6.485588858043556	6.47549079553503	6.527158740174578	6.639162372087151	6.810363291061772	7.039271865507321	7.3233472051750566	7.6584016340370065	8.038515677675697	8.457042904623941	8.90892684855287	9.393295249263396	9.913686984683787	10.473818433822471	11.071507992784596	11.697545015482355	12.34228801369214	13.00464300902411	13.696619096018013	14.44216577173408	15.27344204511064	16.227634328480782	17.34568035933132	18.67280848704541	20.2604008228807	22.16878061904597	24.470833493985882	27.25652455411122	30.63859591567066	34.75988113776458	39.80292076695226	46.00259972411677	53.66315784785762	63.18107630069966	75.07613061722135	90.03400103165204	108.96462689215382	115.95795146093675
72.35801582646597	70.41320259085623	56.80820745576258	46.24364580135129	37.98393411248062	31.483299776740754	26.33424499859321	22.230659943852856	18.941203828645456	16.290036588929073	14.142739566695681	12.396008594424448	10.970045722404636	9.802929832726287	8.846419952893571	8.062804426302554	7.422550166248099	6.902512689259191	6.484595858710619	6.154723998610382	5.902066055123402	5.718440741061181	5.5978635583165754	5.53618835371644	5.530814741793554	5.580423879060077	5.684703552663111	5.84402299673189	6.059009002701806	6.329997672208495	6.6563926765866706	7.036084006700929	7.465311640012985	7.939466405218521	8.455101882449796	9.012279261077083	9.614834014806426	10.266626643919256	10.966081360166616	11.705165133883012	12.475591833156455	13.277554832493939	14.12451746618482	15.042636401747735	16.067514353712486	17.241391522302518	18.61211147678554	20.233941461509215	22.169860849919996	24.494986454399232	27.301130513395318	30.702564697326107	34.84345372948904	39.90754766240673	46.131001595657665	53.81940894133099	63.370848018953915	75.30710893309956	90.31639437605862	109.31196371318656	116.3623381019065
62.88974481778429	61.56183450735108	49.62938012107064	40.36797938154263	33.13064058320799	27.43743164549323	22.93016455968657	19.339835226903755	16.463234369633863	14.145947549807243	12.269985893170354	10.744697545362639	9.50009006991851	8.481869391127749	7.647750761466983	6.964695288547514	6.4068404178760225	5.953933509619813	5.590149242098772	5.303196273582897	5.083638608283205	4.924383129801805	4.820294906141361	4.7679005239285495	4.7651651722473245	4.811304740943147	4.906617829550001	5.0522893453764945	5.25015065470297	5.502322692185885	5.810739100346745	6.176556649925421	6.599585501298152	7.07808677387985	7.609415671996779	8.191761748759275	8.82625581502915	9.517266477306586	10.269097100670031	11.081077995495047	11.946697272567475	12.859517443708684	13.821690666178013	14.84905299691046	15.971115275637503	17.228389276992683	18.670004861001562	20.353028474959515	22.343733691354068	24.720521769544927	27.57829495639583	31.034276803997965	35.235586357409225	40.36912069546073	46.67459070793134	54.46184567933681	64.13426174301051	76.22036896878767	91.41712672430424	110.64932579361562	117.84986171792795
55.1832620335085	54.33189799278877	43.76852680660103	35.57348435668673	29.17240419740999	24.13940409198143	20.156700432531853	16.985725413268607	14.446325150750324	12.401637172681054	10.747128083233772	9.402509471194897	8.305813912136918	7.408986119723344	6.674616918675967	6.073488029931642	5.582735297569666	5.184465984426122	4.864705001786328	4.612610236361187	4.419870681061976	4.280260816868511	4.1893035574310264	4.1440232460609945	4.142762066842148	4.185050090996463	4.271493310651676	4.403676887918018	4.584036058213881	4.8156734488365736	5.102070121122254	5.446661391923132	5.852288822307151	6.320645189085863	6.8520152311385845	7.445760670146946	8.101835728557187	8.822666501379437	9.61347232410227	10.479360275971795	11.42096399989769	12.433780166722567	13.513869675053142	14.666245144231256	15.910307645728324	17.280455205495322	18.824066832422666	20.599649918648936	22.676690114081328	25.137597386946734	28.08155836263977	31.630237013822462	35.935446787110266	41.189274026905025	47.637460281154986	55.59713145429092	65.48079880492574	77.82868015286698	93.35290107646229	112.99831947541036	120.4461106275684
48.888560858190196	48.40630386852456	38.96732287637365	31.647738333622762	25.93298494765798	21.441619921144188	17.88912168263356	15.061948831507813	12.798893246734675	10.977533642636656	9.504387186001601	8.307681413235438	7.332036307999547	6.534526171902777	5.8817372729940285	5.347589868797426	4.9116794862037505	4.558044002780107	4.274224977505319	4.0505619538854765	3.879660423477939	3.7559916568485443	3.6755980303891786	3.635880394504679	3.6354436565647137	3.6740001590841938	3.7522956438740485	3.8720711475204377	4.036008929043491	4.247667374978789	4.511345713007517	4.831854561800882	5.214139500572612	5.662773603871019	6.181408110054967	6.7724642302921705	7.437488761612474	8.178442271170207	8.999382297348628	9.90680014432232	10.907086707831006	12.00272768377549	13.1918967963846	14.474052239722626	15.858307197862985	17.369211745576596	19.04813603434522	20.951991160622963	23.152091089665895	25.734813429127378	28.804478851429607	32.48861840934658	36.945566789817335	42.374807330613706	49.03075761107841	57.241120484245556	67.43163473536245	80.15940918611444	96.15860823898628	116.40308765830846	124.2021631573673
43.73396037666025	43.538127555518706	35.02470372291972	28.4255144994243	23.27533083400024	19.22937219615773	16.030522235608366	13.485877636888445	11.449841221097493	9.811882177773896	8.487624735939429	7.412308828657923	6.535977445369192	5.8199211853724755	5.234022272988572	4.754776530095318	4.363801443892302	4.046725198798018	3.7923310982747047	3.5919303545026233	3.438873674897991	3.328199224511098	3.2563655334242707	3.221064274387997	3.221088640309702	3.256256150266868	3.3273624158237203	3.436169918513533	3.5854080782646203	3.778777321160801	4.020923741170286	4.31736216373232	4.674292551131988	5.098276915061066	5.595765466168148	6.1725609354219415	6.833466857617832	7.582516543623393	8.424069439668038	9.364300023405209	10.411539079581933	11.574120139677795	12.85714354554395	14.262409994254282	15.79405379426015	17.466952443592163	19.313031388246422	21.38347093277966	23.74842060056878	26.496821379765922	29.738187373017425	33.60696663445598	38.269785610820755	43.93586527649139	50.87118374458418	59.41759615309364	70.01850784991896	83.253679132721	99.8866918586462	120.93004077400951	129.1943545878584
39.50771284454093	39.53441579363348	31.78358400727727	25.77776947199008	21.09246780691101	17.41314898748411	14.505319768324414	12.19309127952918	10.343748885940439	8.856568828678714	7.654679532706363	6.679096721199883	5.884338116035499	5.23516547209109	4.704174624847783	4.269982236086382	3.915872966134965	3.6287793542896676	3.398510360931402	3.2171705853366546	3.078725028671328	2.978672380162318	2.913806792523726	2.882048028542055	2.8823289589823924	2.9145279968793707	2.979442576945402	3.0787916125863184	3.2152456726840213	3.3924743720708426	3.6151922886520667	3.8891839849744416	4.221275756209901	4.619206898239696	5.091356731263419	5.646310718740857	6.292340774176613	7.03701908852472	7.887336808710745	8.850622547652595	9.93584397031538	11.153968260461	12.516184049034976	14.031286063712116	15.706079688803545	17.55115431560783	19.589511021735902	21.863532993625622	24.438208619138976	27.402115863284088	30.86864176598099	34.97936385702689	39.9105857337018	45.88354671225266	53.17888672171138	62.156503284409375	73.28244428671489	87.16541095839013	104.60650130546328	126.66761452347066	135.52404998424623
36.04426881711488	36.24389254970732	29.12087477530269	23.603429430253648	19.300631537451164	15.922893084269452	13.254372507020872	11.133207944674979	9.437297203470326	8.073993798986157	6.972608845292108	6.078919526404818	5.35112086908589	4.756836154212301	4.270892286498024	3.8736526476887203	3.5497727106864776	3.2872602913612123	3.076762663139426	2.9110398936200284	2.784558810307337	2.6931935863811822	2.6340104667559774	2.6051113979992264	2.605533614730628	2.6351916109485316	2.6948599921548797	2.7861858531820953	2.9117352479083216	3.075061401771401	3.2807959450989004	3.534737753254123	3.8439342852023737	4.216702134353448	4.662561936472762	5.192016998327889	5.8161727433805295	6.546237650196802	7.3931154064296924	8.367433765344066	9.480290113035338	10.74439972147211	12.174471265990404	13.785851986263083	15.592583034581674	17.608436427468217	19.85300702690403	22.360775512412722	25.18891248123372	28.42190616874843	32.1741820959654	36.5933052496916	41.86577610899493	48.22675695020817	55.97462507294844	65.49155060362719	77.27170540862959	91.95971730992655	110.40335033029557	133.7258273755707	143.31763897157757
33.21395810371884	33.547756504253606	26.939959141001488	21.823183083304755	17.83411687159411	14.703671427249665	12.231329202571155	10.26675318264043	8.696552697977028	7.434716928950504	6.415633782125486	5.588987107125907	4.915991088623917	4.366618064319163	3.917523469261034	3.550506737202253	3.251345142225648	3.0089261442594752	2.8145898679031407	2.6616299231459593	2.5449227429186734	2.4606497127990523	2.4060964510196983	2.379509796773804	2.3800066830436752	2.4075243479334705	2.462804000271388	2.547413455553832	2.6637985456967863	2.815364300581177	3.006587428449862	3.2431478992712655	3.5320749227998696	3.881877907726645	4.302634805600207	4.8059935651979675	5.405020256050447	6.113875446098897	6.947359705411762	7.920494643069658	9.048490523049521	10.347339680651634	11.834827771335826	13.530971607361149	15.457124942802983	17.634836951892517	20.08767512311621	22.847921884252948	25.96630291908474	29.521033989584208	33.62423116599215	38.4268858036832	44.12484482399216	50.9682402359554	59.27594651622044	69.45671889320079	82.03875690936468	97.71054034240937	117.37676075795902	142.23534898535559	152.72568164969974
30.915257212923827	31.35275017392258	25.164990407816035	20.374802824260538	16.64139397086253	13.712421392895546	11.399868492432548	9.562798014226114	8.094939244976686	6.915688392803894	5.963576633070604	5.191468539885739	4.563044207757431	4.05018937172579	3.6310528580533763	3.2885997386786423	3.0095247907598486	2.7834349085853716	2.6022292815890533	2.45963807219327	2.3508705328070865	2.2723563395974478	2.2215574810112257	2.196836052007003	2.197370388454954	2.2231093003258056	2.2747612641221995	2.353817760714459	2.4626066538446216	2.6043795176079656	2.7834375448151856	3.0052816775766376	3.2768001289299273	3.6064681963830165	4.004552071011833	4.483268683725481	5.056870072586939	5.741581207861092	6.555353700505498	7.5174742213378	8.648175960749818	9.968546577055161	11.501038474466366	13.270366891979993	15.304077703374006	17.63219332022567	20.28705041290178	23.306139028108063	26.7397362396959	30.661746879057098	35.18043700213085	40.447394545913205	46.66576653101994	54.10039624687532	63.092562057493026	74.08165984325754	87.63620922052488	104.49712288686577	125.63754863874426	152.34552249415017	163.92106453106123
29.068854029190494	29.58585741580591	23.73663844588292	19.209612540171452	15.682169863301976	12.915475037389562	10.731596353756455	8.997187436253089	7.611707566684228	6.498917810946627	5.600688728642255	4.872452399930466	4.2798747294664645	3.7963845822396074	3.401331744068868	3.0786236966258773	2.8156938504840627	2.6027266441194734	2.4320741332250857	2.297817549375636	2.1954322593860742	2.1215458766235957	2.0737614393134653	2.0505309328600276	2.0510796828236257	2.0753631543111686	2.1240593090964923	2.198590336725077	2.301179336683768	2.434936982658462	2.603990090353964	2.8136480133732205	3.0706070984499982	3.3831969149910566	3.761652537403807	4.218397768869286	4.768300108765446	5.428864904357246	6.220276994174898	7.165277478231732	8.28885996645153	9.617948950521638	11.181319104489775	13.010050580470965	15.138405808736035	17.604621172788985	20.451254967920406	23.726193862951263	27.486898075517058	31.809400406534653	36.800848338799945	42.61277461021196	49.45361714821025	57.60168469796816	67.42143129994261	79.38627133190961	94.11120037675124	112.3988425262066	135.3036680076717	164.22112466022858	177.09587959268555
27.61328106671904	28.190346250772812	22.60880495377906	18.28981164742632	14.925163853872421	12.286707113779546	10.204495798243805	8.551181134344297	7.230763411254656	6.170456434822061	5.314767775202201	4.621163382884513	4.056877221466675	3.5965565499718113	3.2205050660591845	2.9133738533311035	2.6631795988213867	2.460564820793698	2.298239058395764	2.1705589556766895	2.0732112019757847	2.0029779433846238	1.9575709631092846	1.935511564793151	1.936060006192476	1.9591757507534417	2.005509314595409	2.0764264398206063	2.174059279746843	2.301397202861642	2.4624123789042636	2.662231378658582	2.9073548511561107	3.2059225193202128	3.568034826640972	4.00611017844199	4.5352727106433735	5.173733669457163	5.943113888114786	6.868646676111716	7.979205191406533	9.307152350570114	10.88814258663608	12.761137322530455	14.968872048873811	17.558867324776337	20.58458656019277	24.106726085380508	28.195737060635004	32.937894369977705	38.44639616723002	44.87649361385888	52.44248258014839	61.43538414888721	72.24297806755013	85.3751613336467	101.49919312192651	121.4889333436368	146.49425686127148	178.03758532647234	192.45621273316328
26.50154464148908	27.12278500695174	21.746196484395167	17.58647492570103	14.346442917029512	11.806133502318485	9.80172333136074	8.210456950352224	6.939812491420466	5.919648100721541	5.0964936969066	4.429369318911275	3.886713241436594	3.444105635310728	3.0825777175598166	2.7873523962656934	2.5468920281950567	2.3521902276923217	2.196230839613241	2.0735807048756767	1.9800861562796117	1.912647542530412	1.8690570657014938	1.8478883582156649	1.848426356382138	1.8706321520621025	1.9151339114445232	1.9832516090839407	2.077045616534222	2.199404607507539	2.3541720726592126	2.5463180722311827	2.782164175024714	3.0696628811475613	3.418745264259987	3.841727181417844	4.353785804016328	4.973475523778205	5.723274182764807	6.63008578172889	7.725655354723647	9.046817456366096	10.635579412483377	12.53913730183605	14.810106753986336	17.507162196901326	20.69635978388619	24.452951328576976	28.8639442187212	34.03263510454376	40.08721977266204	47.19495657484193	55.58126530521131	65.55225468255064	77.52018382717159	92.03382943623701	109.81798620297657	131.82747591585985	159.32252633238176	193.97426910288118	210.21516607868193
25.698674934555946	26.350777213326086	21.1225193716704	17.07804685544422	13.928177999007902	11.458872807204664	9.51073972024181	7.964350469008826	6.729701887798487	5.738563594311481	4.938931649517579	4.290950702042709	3.763930417535031	3.334124453034552	2.9830935624614736	2.6964724530130617	2.463047528059083	2.274065720758382	2.122708692460392	2.0036950206769224	1.9129875470623876	1.8475687461193209	1.8052894733805331	1.7847584657156144	1.785277813670254	1.8068081259859377	1.8499606760400873	1.9160206117308625	2.0069928171100035	2.1256898591068962	2.27585466818248	2.462332761059865	2.6912989598573223	2.9705474578817657	3.3098484593520685	3.721392362422308	4.220315677785624	4.8253221747699415	5.5593801392874385	6.450478475983648	7.532385170232586	8.84534321268224	10.436650715220201	12.361095000296546	14.681334480286816	17.468504253193647	20.80329265495395	24.77788733779187	29.498827621131966	35.09144573313286	41.70707429044208	49.53530489440716	58.82267501530832	69.89783699110687	83.20250029416326	99.32854370955548	119.06427521594193	143.45541665751176	173.88861605511934	212.20760458154066	230.58434857121708
25.17993673928859	25.85136665701829	20.71913109432395	16.74925959267989	13.657743077387094	11.234388966709023	9.322668340574262	7.805316482205717	6.593955769741395	5.6215954900235765	4.837178585985647	4.201580201347458	3.6846711535927716	3.2631452922089	2.9189027691579588	2.637845000087567	2.4089692750660183	2.223686704262406	2.0753058625501857	1.958644963474775	1.869738247077611	1.8056238590882847	1.7641869495335225	1.7440593377206657	1.744551873699212	1.7656240073844378	1.8078750292624584	1.872564550014381	1.9616601721935418	2.0779199367976458	2.2250157240809494	2.407705178515278	2.6320583250373706	2.905749367769653	3.238428786416635	3.642180745497954	4.132088406337007	4.726924532375162	5.449957684764418	6.329896908790044	7.401933193881137	8.708847482998964	10.302114823273545	12.242953950060793	14.603290509389083	17.466742139317805	20.929873147129125	25.104106248751375	30.118720917742802	36.125485792571915	43.30572750370208	51.88142425392941	62.132693996897814	74.42330831868632	89.23517240147457	107.21215276333241	129.21503146945923	156.39224644338157	190.27448044331825	232.90428566942313	253.76556053610415
24.929557712904693	25.609905452369812	20.524142271999278	16.590365619367194	13.527085157575744	11.125960438507635	9.23185471934722	7.72854675266362	6.528448304182123	5.56516976542314	4.788111079525073	4.158500324579147	3.6464806612812675	3.2289584659629327	2.8879979867002987	2.6096303743774905	2.382953582001428	2.1994583357001942	2.052515182778763	1.9369881162732094	1.8489478720195187	1.7854560667197195	1.7444158485876813	1.7244667955333535	1.7249244545429712	1.745744812105538	1.7875185294596492	1.851490724869943	1.9396058829689933	2.0545913912785623	2.200077826216923	2.3807725443816437	2.6026842854609993	2.873421343870882	3.202566038833631	3.602147127533278	4.087233018132603	4.676662804744963	5.393943038997042	6.268322311747377	7.336057405106421	8.641860217931166	10.24048440371904	12.198419683556807	14.595629477981483	17.527316715829382	21.105864454727016	25.463167211387177	30.753974066071386	37.160710931960395	44.90086319580101	54.238019710522224	65.49866461424268	79.09732166797968	95.57261085871296	115.63610699065977	140.23596647530655	170.63978320103777	208.54337939639186	256.21843983088996	279.9450056728561
24.939944386199667	25.61931060799401	20.53180985649335	16.59667702568346	13.532325564598182	11.130352878358352	9.235575430423566	7.731730235503723	6.5311986196105005	5.56757131430437	4.790229407376111	4.160387363072497	3.648180383592675	3.230503183338578	2.8894164712204136	2.610944548810301	2.3841817475586087	2.200613854958492	2.0536098667913816	1.938030431038371	1.8499444215056027	1.7864108380711967	1.745330207817463	1.7253401552606893	1.7257524159782638	1.7465196271124697	1.7882278007193777	1.8521163185063736	1.9401224227052651	2.054963751879875	2.2002621031279497	2.380710444191657	2.6023068838806034	2.872648366129828	3.201314667938937	3.6003497220961886	4.0848735115491985	4.673851030806037	5.391047348559982	6.266209434888392	7.336500624783844	8.648217476147144	10.258791858636087	12.239080775145677	14.67589045129355	17.67473590011079	21.362841900053922	25.892540363662132	31.44542711365454	38.2379541046179	46.52936940734681	56.63330166988209	68.93492276101058	83.9162578050335	102.19309285884937	124.56712376157228	152.09721421699697	186.19440272854473	228.7480686892486	282.2953886794961	309.2940979949222
25.211280936273866	25.879703120580768	20.74225402046328	16.76829765147322	13.673563650497247	11.247661078644079	9.333911184722108	7.814935858056326	6.602267934893658	5.62885320256572	4.843581382747626	4.20728674688137	3.6898086113740423	3.2678163891209797	2.923190104594937	2.6418163639373833	2.412678373940536	2.2271766419408694	2.078610876935968	1.9617911136397377	1.8727450547613755	1.8085026500473527	1.7669428047130793	1.7466890642894792	1.7470435026583202	1.7679535980528955	1.8100050870752458	1.874439995606403	1.9632038624731922	2.0790285048879227	2.225554991106572	2.4075056241643358	2.6309145295494027	2.9034306058988024	3.2347022103743193	3.6368709937021624	4.125202412496177	4.718880549726294	5.442016526740602	6.3249096267056535	7.405621985497409	8.731911650381022	10.363579078457885	12.37527165643626	14.859749128844292	17.931658761985943	21.73180041335167	26.4320037485181	32.240810639772	39.41052838759835	48.24649493471852	59.11992378116657	72.48624070496214	88.91160210759513	109.11135540498799	134.00501509306707	164.7938828853487	203.06739804968535	250.94762546806658	311.28482290802305	341.98036510363136
25.751503993720224	26.398377403978227	21.161426139891	17.110126042589346	13.954863678485731	11.481279748731227	9.529732902594919	7.9806090597489625	6.743759124810054	5.7508416604980415	4.949764536116763	4.3006059759150626	3.772622090349394	3.3420259352480732	2.990344897187205	2.703185333989067	2.4693143976947476	2.2799597015019395	2.1282865201489143	2.009002227023379	1.918054988733668	1.8524170223195207	1.8099256667710883	1.7891766641819218	1.7894571576161111	1.8107072713195393	1.853516876259306	1.9191397968410377	2.009547059090532	2.1275070897156634	2.276712577586645	2.4619564897249373	2.689363273278413	2.9666970074049814	3.3037542385865697	3.7128685321855404	4.209559848311118	4.813354358285726	5.548838979860469	6.446999585516287	7.54690253846796	8.897816885690137	10.561847828818017	12.61718630014835	15.162038682120246	18.319365164189673	22.242451467369026	27.12145214188933	33.191141610284674	40.74017400222328	50.122660910685155	61.77336465466978	76.22831479073703	94.15382681728939	116.38773375613889	143.9982413459258	178.3677571849223	221.31018868297892	275.23380966275147	343.3649732017896	378.19210643156663
26.57656040447705	27.190037877725782	21.801322705144678	17.63202425086442	14.384410453746792	11.838064548142464	9.82882537161012	8.233681838288193	6.959908460039935	5.93721065527605	5.111994338230575	4.443187005472178	3.8991526957900806	3.45541125852834	3.0929493095926257	2.796949481184193	2.555845741294758	2.360604975963657	2.2041877005089163	2.0811427470756687	1.987298545286328	1.9195379329370865	1.8756356045383973	1.854145763640522	1.8543310411656109	1.876124671794231	1.9201230592694074	1.98760502154962	2.0805820557224597	2.2018855532062944	2.3552949979410576	2.545716163711639	2.7794212695625538	3.0643587416555325	3.410559419907103	3.830653350226102	4.340536359837555	4.960226417598975	5.714958790476245	6.636586484197953	7.765380604787956	9.152305383187638	10.861915048682924	12.975981300458963	15.59803932336192	18.85898770519309	22.92393338713967	28.000496880826393	34.348821169024	42.29367441193239	52.23931897754361	64.6882439967992	80.26572444056296	99.75294829878693	124.13282849837177	154.6547607340899	192.92598169035344	241.04076875450122	301.7623434221009	378.7762588643578	418.1768561077206
27.711022304644274	28.277328831234385	22.68042058278641	18.349224804714822	14.974846187049994	12.328602431582192	10.240137166280912	8.581777909058346	7.257276986817668	6.1936508490395985	5.3352544288634185	4.639433073272444	4.073327374084975	3.6115069233795354	3.234214623028903	2.9260537770853157	2.6749999673457068	2.47166215031536	2.308721529657071	2.1805080612499186	2.082685233015707	2.0120129625641474	1.9661775731078548	1.9436763963766088	1.9437396049776152	1.9662906242963252	2.011938253187926	2.0819973556503095	2.178539495148496	2.304487301095669	2.46374263544298	2.661373858200984	2.903859010548322	3.1994084434664405	3.5583799611198907	3.99381454290921	4.522126877272731	5.163993071077523	5.945498434207448	6.899605862639736	8.068057785633783	9.503818734213965	11.274191419482927	13.464829216484693	16.18480749121437	19.573050158108174	23.806388823538963	29.109574333434907	35.767685881255034	44.14139677889527	54.685872237991994	67.97431595368656	84.7281657616296	105.85639339006052	132.5086667611424	166.148395680693	208.6547501654306	262.46653570050563	330.7851899931804	417.8606209084275	462.2914026708052
29.18894311745116	29.691579927397257	23.824376529043178	19.282871498083715	15.743767818253016	12.9676540597745	10.776154528497994	9.035555969010009	7.645037097159598	6.528131903663884	5.626528981468477	4.895519462363796	4.300656571093522	3.81527446567948	3.418651824361153	3.0946350949749077	2.8306080918578473	2.6167135450283125	2.445268032288185	2.3103194358672083	2.2073142402509656	2.1328507684087805	2.0845010480792947	2.060685263064676	2.0605911112231112	2.084131434743058	2.131932009652404	2.2053558357983847	2.3065596381140616	2.438584609901764	2.6054975995418563	2.8125811325226455	3.066585769747545	3.3760678216242908	3.751814154947936	4.2074057401045355	4.75993357492372	5.430927197006651	6.247556820475808	7.244180181944267	8.464354687163155	9.96343642417986	11.811948530742848	14.099918811115499	16.942497951526033	20.48715968176462	24.9229062981769	30.49198669997654	37.50469627703791	46.358032333558754	57.55905385736916	71.75433186725203	89.76723512420915	112.64611767514839	141.72756296788538	178.72162704813053	225.82878578870367	285.9028157135063	362.6799525420442	461.1022674588412	511.05682995142564
31.054858721582697	31.47372544074719	25.26678638353731	20.460774763022485	16.714361317262508	13.774717184648457	11.453404249135527	9.60914369958456	8.135370473930825	6.951248216655327	5.99511293708698	5.219676406805922	4.5884910825801075	4.0733390528197075	3.6522848623369186	3.3082242127992108	3.027793703871517	2.800550012732101	2.618350730169984	2.474886123653775	2.365329532778231	2.286074946116598	2.234546741104067	2.2090684413034825	2.2087728984347534	2.233558289385597	2.2840755536215513	2.361751740266533	2.468849833560714	2.60856638741276	2.785177768260654	3.004239075800737	3.2728491844948495	3.6000013095700956	3.9970305243262287	4.478199803083896	5.061456690870266	5.769406984322088	6.630576227753462	7.681055898038076	8.966628056812468	10.545541994402347	12.492129301098695	14.90150898845884	17.895718643049296	21.631705243170764	26.31165928154594	32.196412843163294	39.62268021404596	49.02515363582336	60.96471378540396	76.16447874110457	95.55570304570794	120.33699602417678	152.0511994406981	192.68730495388365	244.8178080519719	311.7875175593854	397.97620635842077	509.16813132449727	565.2152210208187
33.364717965401	33.675102845004844	27.050030122843328	21.918164139692312	17.91613146874248	14.774677675555928	12.293053978975527	10.320684468188979	8.743962642381794	7.476669378115405	6.453023583039399	5.622556943331852	4.946361240069465	4.394301507400432	3.9429450490321862	3.5740151637931667	3.2732267598671094	3.0294122274951927	2.83386148418705	2.679823741025803	2.562132508496477	2.476927979633798	2.4214515268311887	2.3939036642035103	2.3933504904823724	2.4196722641487574	2.473550818640696	2.55649529823743	2.670902209483497	2.820162127829972	3.0088132477482636	3.242748842896084	3.529501698932124	3.8786068493778068	4.302079305382145	4.8150326905548555	5.436473938142449	6.190339573571236	7.106830684367445	8.224161888712047	9.590829438512246	11.268578916191164	13.336293786654263	15.895086369501747	19.07498812899275	23.04373215380994	28.01826992882273	34.27985807941832	42.19377986983981	52.23503898286294	65.02167236806154	81.357928445743	102.29009502897544	129.17863300547154	163.7923212451176	208.4317186537988	266.0939733194464	340.69585835475755	437.3808813488492	562.9475540107455	625.7824699988315
36.1861584415078	36.357735378137164	29.225770670479957	23.698298388220454	19.385534576767864	15.99847791933944	13.32154249016806	11.192943032308087	9.490556878125632	8.121663879889226	7.015483434340763	6.117693422513179	5.3863964911495135	4.789127233128454	4.300634274684417	3.9012113518212157	3.575449876035882	3.3113005537680142	3.0993608456554793	2.9323411451372374	2.8046604633993377	2.7121461936423006	2.651815760813854	2.6217190309842926	2.6208383892591853	2.6490330369599016	2.7070242655915844	2.7964204525718914	2.919785197188864	3.080747798105385	3.284164946627375	3.5363496859322647	3.8453604632700915	4.221399749963179	4.677315894707502	5.229263233343442	5.897545106000969	6.707726702259207	7.692055064611624	8.891329322722914	10.357336881791829	12.15604054306827	14.371772192484324	17.112765423699457	20.51843794331644	24.769043269056386	30.098425056248992	36.81087800668186	45.30350562410625	56.0955848729213	69.86734759552544	87.51089035924957	110.19676277031078	139.46126611246294	177.3207509689239	226.4221607917016	290.24252475736415	373.35762926119696	481.8067149549893	623.5974045671189	694.1022294962612
39.59718000777699	39.593205074461785	31.85447556459672	25.852462886952228	21.16625265522189	17.48351166155475	14.571072132652889	12.253828934167124	10.399509344409639	8.907634239778357	7.701444915477921	6.721996751454633	5.923807219445391	5.271611771364993	4.737964801087285	4.301441433711606	3.945278343052837	3.656360482683292	3.424449717344895	3.241604956593784	3.101742640619202	3.0003108237556377	2.9340542021996225	2.900839370176773	2.8995483793898225	2.9300137431098907	2.993004754271838	3.0902530341090197	3.224524472315676	3.3997383144370446	3.6211427608348323	3.895554070994826	4.2316762260164325	4.6405199607777305	5.135945255848873	5.735368742620236	6.460674568322867	7.339399989927042	8.406272787873846	9.705225171969774	11.292015920994013	13.237684320380083	15.633103109268733	18.594988378440906	22.27387276796215	26.864704385371777	32.62095790162644	39.873470030164086	49.05547126053547	60.73608028082491	75.66482747949745	94.83084700130503	119.54146053592957	151.52630997825608	193.0750132739614	247.21997396470053	317.9791875238258	410.6817599484214	532.4083719594604	692.5952946996025	771.9037808596645
43.68140025389995	43.45840027261234	35.00282526637858	28.438423074898097	23.308367415116525	19.273312856782894	16.07961507054623	13.536610515147272	11.500126667727873	9.860545315531688	8.53405453576951	7.4562491805345354	6.577383371803325	5.858868099781204	5.270648852797845	4.789243472727534	4.396272639845218	4.077347359772182	3.8212270529882244	3.6191875002557765	3.464542256752078	3.352285255947481	3.2788316146676646	3.241827501567913	3.240033136915921	3.273249778427246	3.342306848166973	3.449084092235503	3.5965934399299924	3.7891060125643126	4.032341394430946	4.33372738114749	4.702745931569502	5.151387191726733	5.694732879078173	6.351728461269856	7.146165205513077	8.107969652292299	9.27486311198879	10.694555040673345	12.427594937750861	14.5511330746485	17.16387884055125	20.392687544880943	24.401320506957774	29.40211204171434	35.67163060496156	43.571608989874754	53.577103805787765	66.31435307127826	82.61156173764812	103.56730247493599	130.64212100331588	165.7814332153118	211.5800192317673	271.5021021045335	350.1759935196593	453.79057611202006	590.6306747249625	771.8080936226789	861.3775035725066
48.5172470887783	48.0256675339317	38.7369443912901	31.515843899464485	25.865355703608497	21.41561323469882	17.889740690090708	15.079282970112478	12.826396061282269	11.010909903460464	9.540834329530286	8.345393884941682	7.369869728434433	6.57176858132496	5.917962607285324	5.382551616841284	4.945241438743194	4.590133806244445	4.304798525867088	4.079581857975975	3.9070800087660085	3.781744356979484	3.699595954612817	3.6580217189192954	3.6556348757310735	3.6922031467022407	3.7686274210231727	3.8869692570826984	4.050537463008939	4.264028412718383	4.533733159989338	4.8678161517249965	5.276697642042768	5.773548563151734	6.374929679058596	7.101627084769533	7.979735813938879	9.042058417155816	10.32993280019042	11.895623802852823	13.805444058759587	16.143887105353596	19.019080500916058	22.570029119079738	26.9762909172638	32.470897824702945	39.35774582628044	48.03498869184076	59.02665996235185	73.0253591730822	90.95018470584499	114.02513467469453	143.885339111883	182.72094405491518	233.47183079921555	300.0906546130513	387.8989917675105	504.06807719240874	658.2726592960482	863.5820404981131	965.273795381785
54.158755248114126	53.344159004696444	43.10882438933275	35.13651395501792	28.88702505837091	23.957355337735965	20.045119389047173	16.922170394100235	14.415413132393828	12.392807989352555	10.753112268290137	9.418298017850402	8.327950476790736	7.435083725625804	6.70302525912312	6.103059534105209	5.612668970926525	5.214189661887055	4.893798811573804	4.640752925885857	4.44680366658931	4.3057641496563726	4.2131950154352715	4.166173328152358	4.163145910442547	4.20384283268228	4.289255787646505	4.421668207181552	4.604750310083499	4.843713930278329	5.145536151365871	5.519274714932507	5.976485020468056	6.531759679759299	7.203440968074865	8.014542234005834	8.993930896438462	10.177884171255176	11.612099638808074	13.354324753101475	15.477826064734492	18.07593992293577	21.26811251572612	25.207945487276223	30.093918875661682	36.18381167778038	43.81409670655642	53.42616893037308	65.60192231336671	81.11205268483207	100.98191412109583	126.58136869647895	159.74740242603983	202.9518257466711	259.530136725653	333.99422459561504	432.459108741049	563.2252010473379	737.5746016448909	970.8603331925186	1087.0390799929633
60.60964342641149	59.41169149588598	48.1343890625498	39.32740649612	32.40664901527631	26.934918284636563	22.583183946962187	19.102469486110124	16.303351773099777	14.040963352840793	12.203958011106918	10.706324100515479	9.481320984448331	8.47694937152153	7.6525351599731675	6.976189371650679	6.422855471890476	5.972855210061231	5.61077144239554	5.324601850265159	5.10512630230422	4.945422627298434	4.840519465754555	4.787141062806585	4.783546408862123	4.829431921372903	4.925907623772749	5.075533162889872	5.282419255856793	5.552401608548795	5.8932936579896635	6.315232722352493	6.831142275956361	7.457338634278269	8.214316067730486	9.127774769670877	10.229935368099067	11.561269494085181	13.172732378233988	15.12870365593473	17.51082675420404	20.423111096322025	23.998650599880374	28.408609306288838	33.87424486094095	40.68303421835688	49.210481094656636	59.94966051407047	73.55138313652711	90.87900665340148	113.08349616047985	141.7063218397683	178.8209020298129	227.22740742503984	290.72092586845366	374.4610074565435	485.48071026799136	633.3881076793151	831.3324693589817	1097.3372071828048	1230.9965544917115
67.80411336160608	66.14519492038977	53.76753576520217	44.068584007029415	36.42249328209888	30.359035547884957	25.522980790692504	21.644558510244046	18.517828406097884	15.984782412287176	13.923573417643706	12.239813098333153	10.860051614754653	9.726906828857254	8.795391696558388	8.030145663044502	7.403334032601677	6.89304998729054	6.482104219413367	6.1570959217552055	5.9077131730162895	5.7262177672154415	5.607043703321004	5.546531177052978	5.542740008793252	5.59535013032128	5.705634579269602	5.876499619852342	6.112600045806685	6.42053906322496	6.809146850024811	7.289872366244031	7.8773000360862415	8.589835253640523	9.450581107107064	10.488486680004907	11.739833055422123	13.250172792782914	15.076821237389352	17.292181632355174	19.98803807971471	23.28130057707704	27.321563752180346	32.30121329131825	38.468992596823135	46.14819749120987	55.76132198810173	67.86353415121448	83.18831386419495	102.70983933659419	127.72878930298775	159.9905750857298	201.84857831079412	256.49025526260095	328.25091165578175	423.0489394748207	548.9911735717892	717.2137153093927	943.0510199219366	1247.660745424111	1402.5907171154445
75.6207413427571	73.37509949859204	59.88787364963908	49.277793329197145	40.8816400998597	34.19909298937472	28.85069996412549	24.547160576412534	21.066810937775557	18.23893717778164	15.93143896246141	14.041627677296885	12.489325412079872	11.211703584016337	10.1593547370714	9.293330779588189	8.582899085637498	8.00381432562025	7.537011827601817	7.167606216750872	6.884133337063363	6.677980274409766	6.542964488056668	6.475032943115643	6.472064532251177	6.533767620272594	6.661647593462796	6.859059295037532	7.131344235726308	7.48605354197417	7.933265943991362	8.486032908885646	9.160968602323772	9.97901234223573	10.966442492310748	12.156161702609577	13.589380922022304	15.317813079295984	17.406506352058106	19.93759241198961	23.015174202801624	26.771809527789287	31.37711065599895	37.049203638184764	44.07013112518216	52.806572715466224	63.73788090514286	77.49424816612161	94.90884237295802	117.08929344912315	145.5162075478222	182.1793966262428	229.76678216394842	291.92736363409614	373.63806381524944	481.7163977440155	625.5380932743906	818.042565282433	1077.1423621297372	1427.6991239672473	1608.7044697348183
83.93379703911032	80.89166402441175	66.32871521785326	54.82465500955532	45.68425386632716	38.38079404334478	32.51322523324794	27.774602512745314	23.928836932207048	20.7934866399632	18.22685215201872	16.118428802107513	14.381647312826852	12.94845191241292	11.765166634954454	10.789359330391925	9.987454410674232	9.332903673944289	8.804789461747296	8.386759533464978	8.066210221833012	7.833680093895316	7.6824005462159555	7.607973709024628	7.608168935355064	7.682805879401938	7.833744566716001	8.064941022811439	8.382615013609119	8.795506467555896	9.315243896777	9.956852162447586	10.739430083304914	11.687032866655105	12.829804547421082	14.20547373534735	15.861263369681355	17.856396365177584	20.265350038618603	23.182104612450683	26.72576760055303	31.047964258007394	36.34267925022297	42.859386903130094	50.92067055312523	60.945953184206765	73.48372739195796	89.25530024178714	109.2148222035587	134.63159839783148	167.20389462382113	209.2166432596831	263.76088080933175	335.04050267955125	428.8020861865359	552.9386957777376	718.3411459937267	940.0976560139197	1239.189829947037	1644.8891828467788	1858.0811010543327
92.62068821035152	88.51438123605779	72.9373074611851	60.57957995412914	50.720711994418465	42.81226086619897	36.43473575948016	31.265662625745303	27.05599056181616	23.612517537647154	20.784665960552616	18.454614846253907	16.529801178437175	14.937251268901113	13.619269223200831	12.530146000520928	11.633642646795101	10.901060974694595	10.309765759341552	9.842057280456222	9.484312850588445	9.226335885322204	9.060888577095382	8.983354878820144	8.991535387065916	9.085527374306583	9.267730264963019	9.542932668199438	9.918498759031706	10.404682419563176	11.01505582926936	11.767099310013073	12.682989217391855	13.790599411406202	15.12483932828209	16.729346261667448	18.65871447577227	20.981360318224578	23.783288688991348	27.172998615720875	31.287938363976256	36.303066048396694	42.44218136707305	49.99308454993312	59.32791865727693	70.93061748388364	85.43408139438053	103.67090287730805	126.74277714724714	156.11612793571578	193.7542087165263	242.30072442331746	305.3362149880451	387.7370710099561	496.18086801718533	639.8594731404052	831.4888472434931	1088.7424028967287	1436.2888153039364	1908.6934948440335	2161.8745876853964
101.44466486013724	96.08388102313005	79.58714872039006	66.43976094687207	55.9048951024264	47.41925013055866	40.54984641488102	34.962190406938745	30.396663887172394	26.650831818608324	23.566209556680022	21.01824005465364	18.908689441319602	17.1598698770308	15.710194625918188	14.510775732750952	13.52280679378245	12.71555026316867	12.06476646685	11.551548509862002	11.161400360159254	10.883553472042953	10.710481396789051	10.637550727472469	10.662802579901673	10.786864299035328	11.01295236514639	11.346999389444168	11.797890625364836	12.377835318078242	13.102865747755498	13.993546796516865	15.075877887618674	16.382477859754886	17.95413067929128	19.84176594048656	22.10905059335569	24.83571338149952	28.12194190961578	32.09405619908233	36.91206636803071	42.77959547952857	49.95707591436525	58.779391331639594	69.67958598640828	83.22075549330577	100.13949671092263	121.4049372817539	148.29980159022742	182.53209912939724	226.38962414627073	282.95528049277607	356.4078559186239	452.444898169502	578.8790324254942	746.4831964189277	970.1919506859493	1270.8158377413126	1677.4918440630568	2231.1970137721773	2534.3688095067023
109.98823892975936	103.3885311431921	86.11051533355314	72.27643954626606	61.139961453855356	52.12910392904809	44.80299216259476	38.81987137292418	33.9133993207944	29.87497938893805	26.540434938836803	23.7800527438762	21.490965754072334	19.591391837482334	18.01616920020334	16.713378549753298	15.641672047339544	14.768251064488318	14.067264852746863	13.518594258662818	13.10690883846307	12.820957304558549	12.653059369923296	12.598740747715372	12.656523720733928	12.827835918665043	13.117063205745733	13.531681989385568	14.082581283096195	14.784477746529157	15.656544502676207	16.72322732525889	18.015314083775184	19.571333889603732	21.43937170563874	23.67939319316589	26.366284696811345	29.59376700301995	33.47952617623812	38.171920642732374	43.85879930932679	50.77915124826567	59.238644161395946	69.63028333914488	82.46223757628859	98.3953667441523	118.29415831126146	143.29616528232427	174.9073300023153	215.13344619246692	266.6622324802618	333.1172309651753	419.41335832951046	532.2574843038532	680.8563040803759	877.9219814447627	1141.1077351138201	1495.062298867032	1974.3845061886384	2627.879145511992	2993.915613166479
117.87042337431224	110.2186791887436	92.30377824561324	77.90617326595691	66.27011507530413	56.81606604801451	49.097136007726476	42.766656719234334	37.55425301440812	33.2478369919417	29.68021735132838	26.718911144529425	24.258498302446345	22.214783565080225	20.52034237077044	19.12114288124564	17.973915273819372	17.04415872824654	16.30458467697264	15.733922266015657	15.316015790032502	15.039128965699229	14.89543843993366	14.880708498831236	14.994081357456542	15.238018898235474	15.618373227239246	16.144596406619005	16.8300949201615	17.692765600672345	18.75573102270573	20.048293121834867	21.607239252700136	23.47846437972614	25.719149441526465	28.400497594399553	31.61132520153695	35.46270738595924	40.09406363859444	45.68105477686061	52.44604511954374	60.67192113082649	70.72040216343964	83.0565522837614	98.28171486003804	117.1779644543459	140.76828372995476	170.3991005551186	207.85303133498076	255.50480160942098	316.5377097020595	395.2446424273989	497.4518835976784	631.1149176491762	807.1637473446226	1040.7063863897743	1352.7512166758918	1772.6802956316685	2341.820810626859	3118.610888805407	3564.1449695902566
125.03692018834612	116.55036583631538	98.08040865643888	83.20410103202926	71.15185216783338	61.33345928393846	53.29369080603073	46.679556340685075	41.21581814832998	36.68681008036337	32.92269653808421	29.78909343507263	27.179235909689538	25.007927238365024	23.207027262279382	21.721900599274626	20.508752665355434	19.532600621379988	18.765704350934886	18.1864047367142	17.778263753665012	17.529415301381636	17.432156577823033	17.482664254548677	17.680854314302056	18.030414941636398	18.538929321767966	19.218194269398236	20.08464697505367	21.160047688951934	22.4723295649425	24.056809075186756	25.95766472900365	28.229948098442485	30.942114977855702	34.17932894558415	38.04774290094099	42.68002787234345	48.24262264831326	54.94517100707155	63.053015686392996	72.90364002036277	84.92856907612601	99.6826245816722	117.88314150077842	140.46310935909938	168.64307692231236	204.0294511863145	248.74954118755954	305.6377171906283	378.49401487032026	472.4453165705942	594.4520910465513	754.0235992021434	964.233979320503	1243.1702044951726	1616.0095509711375	2118.0129676966044	2798.8561595852893	3728.927126473951	4275.515258737606
131.79525368055403	122.62140429024933	103.58211961550678	88.23355327741119	75.78668298686698	65.63617752217431	57.31496581668186	50.460735317519784	44.79100782496216	40.08449502397309	36.16707925016559	32.90122405121065	30.177930450797234	27.910597161844464	26.030286417550933	24.482144998533897	23.22255143755215	22.217019735229947	21.438509571889767	20.866224867538385	20.48466671570926	20.283008774411172	20.25466851708074	20.397092457423835	20.711717542051957	21.20405564937994	21.88399041246764	22.766213971514727	23.87083902075379	25.224231696531472	26.860143293037194	28.821112300236734	31.16034616077235	33.944075773366436	37.25465871097535	41.19450919923182	45.89128062531929	51.50447536808935	58.234174801039	66.33238394211591	76.11805620828086	87.99684922263951	102.48750312132812	120.25693443246642	142.16753152898977	169.3409932270855	203.2448493838591	245.8109495199569	299.59758084008394	368.014347504366	455.6333061747709	568.6246360329252	715.368419744628	907.3182181387781	1160.2307381931646	1495.9186213927348	1944.7735284080834	2549.4035447444685	3369.918063058064	4491.625750449029	5167.27830913169
138.64606903105297	128.83939432101903	109.13086836626786	93.23995421783268	80.35195159052638	69.8415502216728	61.22610069898517	54.131091119643486	48.26439405782671	43.39708523209475	39.349009506942814	35.97789372520953	33.17105866539677	30.83913623672451	28.911257023268774	27.331331996321975	26.055214066184806	25.048479637705015	24.284763759255974	23.74442741668483	23.41361298482324	23.28351836991187	23.349915860839715	23.612928235775062	24.076947195096675	24.750787280610915	25.648032725228607	26.787627192618693	28.194662234888035	29.901459469178114	31.94901393129911	34.38873879236481	37.284833681992566	40.717183583873144	44.78512178438742	49.612274201797455	55.35278329991427	62.19941081716361	70.39400996092978	80.24140178084645	92.12742170508615	106.5429742781545	124.11592343960963	145.65365781721934	172.20043379105027	205.11458967099693	246.17373273906244	297.71811168786934	362.84765363520916	445.6943938776837	551.8007648765313	688.6486302086709	866.4024986659531	1098.9616145842247	1405.4555799628554	1812.3837069773906	2356.693636863697	3090.2339605702477	4086.230147412285	5448.747841346895	6289.911661050525
146.1209206076355	135.6571099620941	115.11691730299016	98.5568152248066	85.12888081165569	74.1822701234572	65.2145476145667	57.835760418908905	51.741720361652845	46.69400360688678	42.50498037277824	39.02643923279458	36.141033521250066	33.75572949323469	31.796843470764617	30.20620082982982	28.938252156849366	27.95781147591157	27.238383996240074	26.760870034590358	26.51260852226316	26.48672258275713	26.6816236025192	27.100794972969233	27.75271953117334	28.651027574687188	29.814876427548974	31.269570289415014	33.04747492002733	35.189315804317644	37.74585838979252	40.780168288272066	44.37038845973996	48.613456533918324	53.62974637054219	59.569024627676384	66.6181091955795	75.01083654414525	85.04089283348345	97.07868179668499	111.59350348796524	129.1827825233951	150.61101345113454	176.86184328879153	209.20778063669763	249.30479972059067	299.3204587376374	362.10938454131866	441.45369832487046	542.3965242326731	671.7038745047416	838.5127460596235	1055.2408815768827	1338.8755073396726	1712.8080083441325	2209.458925365281	2874.0634925967943	3770.1505956932774	4987.526747701246	6653.970072584356	7708.098060853495
154.71297387787422	143.5071840148541	121.92616855371635	104.52881022578536	90.42524851403888	78.93237744406994	69.522889312819	61.787530808536594	55.407114384582236	50.131517453483625	45.76394214816578	42.14905670030734	39.163958079098954	36.71131931619448	34.714179319844284	33.11196086113521	31.85741236477334	30.91430756253	30.255728305971804	29.862764328667275	29.72361015340075	29.832939022503414	30.1915532513377	30.806223877193062	31.689776377574635	32.861342413998166	34.34685617812407	36.179792079312904	38.40224224535565	41.066330140206055	44.236200562854656	47.99058907440169	52.42621957896165	57.66223329581562	63.845847496690006	71.15978147487614	79.83171138765216	90.14651046992115	102.46226010864544	117.23091267066755	135.0257373404946	156.5771202168182	182.82062536931403	214.96077121190314	254.55695712481565	303.6395208307512	364.8675136233133	441.74405313511676	538.9127816765	662.5677121273052	821.0226959752184	1025.509434717646	1291.299294916036	1639.2928659629058	2098.284860066873	2708.2093771453533	3524.8199802675804	4626.4756871830605	6124.0468409857185	8175.442699024135	9504.257076911586
164.87751883179178	152.79598240476955	129.92302065359257	111.4852529085506	96.5404835787884	84.36551325276	74.40205266718652	66.21689719877874	59.47219604896793	53.90335002197129	49.30228448150495	45.5048968088126	42.381524831337146	39.82971750974033	37.76865105719488	36.1350081208325	34.87969232867368	33.965470238258014	33.365129098665676	33.06016198559396	33.03985715947104	33.30074399182382	33.84627287111002	34.686827372178925	35.83992813747127	37.33074964156076	39.192798323538184	41.4690040398314	44.213047888371	47.49117948205326	51.384527098385185	55.99218203163522	61.43518164734463	67.86173739241207	75.4540664730722	84.43730550716765	95.09112103502245	107.76490617916257	122.89738328971596	141.04250789321452	162.90316434755587	189.37593131149555	221.61024810418343	261.08738893353296	309.7269801906747	370.03030233549697	445.27536672864807	539.7840363855412	659.2884784817169	811.4387365109068	1006.5094666804616	1258.3881687989563	1585.968116619873	2015.1219642600454	2581.5148478947503	3334.6416840322145	4343.650411699299	5705.802242472359	7558.823728756256	10099.066703491215	11782.67675961737
177.0630478912858	163.92716019407837	139.4662171638325	119.74819013318472	103.76666304271957	90.74896426479438	80.09873127946804	71.3531889480171	64.15153756518515	58.211259169568045	53.31034438889258	49.273850014887515	45.963729550894975	43.27112924189047	41.11048776062595	39.41505131610196	38.13351004295923	37.22740534799876	36.669230535705864	36.44111758080483	36.53385746407463	36.946368231272395	37.68550571385386	38.76610993602817	40.21145098200099	42.05388285751846	44.3359094530981	47.11156664409026	50.44821527553899	54.42894847185579	59.155505936372585	64.75209766299986	71.37028727768666	79.1953120003604	88.45423248204563	99.42677301288745	112.45931160967154	127.98340873929065	146.54009704840425	168.81170288760597	195.66389981174154	228.20125709405195	267.84086625442336	316.41084746764653	376.2825580906274	450.54896307327385	543.2676161718376	659.7925879932849	807.2311978883197	995.0762854163471	1236.0864972531026	1547.5199555842034	1952.8721540969325	2484.3393499294875	3186.3394243972384	4120.555414352476	5373.233250269125	7065.78039353044	9370.271134153165	12532.258923016705	14674.296458100092
191.75050105775057	177.33470734363868	150.93628264517892	129.65512390238024	112.40636184893252	98.35699909965156	86.86414003252665	77.42885810609344	69.66227671673032	63.25993620590715	57.982663725099336	53.642149752587756	50.089943348112826	47.20920489239856	44.908344616584955	43.11624016439868	41.778598387714524	40.85524021273075	40.31810234939205	40.14981791376434	40.34279664722256	40.89871819021047	41.828410145622264	43.152051480048996	44.89981686812653	47.11273361532525	49.8441710227892	53.16154331486496	57.14876090830073	61.90920688762155	67.56955645972194	74.28463503314215	82.24350594772946	91.67734001503226	102.8695187809522	116.16874057458031	132.00617525411843	150.91794077546018	173.57492807053694	200.8220543192029	233.7302798320796	273.6655221171337	322.38081828225836	382.1388801766068	455.87744097175175	547.4323524180971	661.8410082139004	805.7576596148147	988.0247587091002	1220.4644251118834	1518.9810793766706	1905.107688710702	2408.186245768829	3068.4617851706616	3941.5012731935594	5104.544058882067	6665.682217864497	8777.218238200172	11655.221313931963	15608.350159614869	18342.303088097633
209.49301978817257	193.5177733114135	164.7664017696865	141.58599910634172	122.79638839293021	107.49146548872558	94.97169639287083	84.69431786668262	76.23620222124154	69.26614661825036	63.5240504374476	58.805202311971556	54.94834718058489	51.826746466091976	49.34123653947964	47.41510141864132	45.99010481273845	45.02362651770498	44.48647102090375	44.361446635035286	44.64242289141532	45.333885168284084	46.45089899935389	48.01955773895375	50.077767220361345	52.67655875546019	55.88185944301965	59.77684463297082	64.46498614797379	70.07393029687631	76.7602853714367	84.71589515527394	94.17548279632503	105.42657409055147	118.82214236220457	134.7967377638995	153.88783764111005	176.76336418032267	204.25832365940866	237.42316953872756	277.58788959772806	326.4478498568288	386.1780977218859	459.5869471148957	550.3225353755379	663.1525134077028	804.3447896394599	982.1882623556241	1207.7111928717668	1495.6749213960186	1865.9614347266074	2345.5193572753656	2971.1091729468585	3793.207221440487	4881.583103891013	6333.317651537784	8284.41716236131	10926.721030526442	14532.694846506505	19491.989860770744	22989.047788365388
230.95691399402412	213.07723006666558	181.47446503712536	155.99164942383848	135.3333896451387	118.50483756168265	104.73797490254807	93.43679136697655	84.1366700045477	76.47394563132914	70.1630366186404	64.97924015625442	60.74566734701085	57.32336394463742	54.60382080416143	52.50325738007425	50.95838649210014	49.92320956206526	49.36677996503673	49.27159468512257	49.63269404899687	50.457266150463305	51.76476031948419	53.587485235565865	55.97175938778284	58.97955305897736	62.6908657400253	67.20667217294657	72.65284449881943	79.18511848829522	86.99519457566643	96.31869300152341	107.44491257670204	120.72934269324001	136.60958020429214	155.62569110255058	178.44654137891857	205.90421474730422	239.03921893372853	279.1601093269599	327.9231187081619	387.4380340700674	460.4108945048938	550.3352406091432	661.7505086307904	800.5934764663243	974.6758095398332	1194.3398106073862	1473.3618881270518	1830.2060764192554	2289.774063542718	2885.8609033558228	3664.6265837137075	4689.535185488179	6048.415348330187	7863.6314081004275	10306.821685869601	13620.389547199087	18149.044806230384	24386.38234491376	28865.213970291392
256.96700785413645	236.75616550631372	201.698542850321	173.42548040820955	150.50187784655458	131.8255834071739	116.54556129409434	104.00137656944958	93.67809748665199	85.17267583311188	78.16860714177518	72.41688500505181	67.72156943068148	63.928803816324844	60.91853881145074	58.59829886920095	56.898360272683234	55.768397270485224	55.17492618720193	55.09965017931852	55.538476618104575	56.50121668799779	58.01181973059855	60.1092057746593	62.848737300236635	66.30435194970869	70.5715175921581	75.7710067610803	82.05385612588834	89.60763232765353	98.66422046481858	109.50990748838882	122.49777196542898	138.06365156285514	156.74619075627	179.2125925652678	206.29179193801085	239.01747760227846	278.68435755940567	326.9223578721706	385.7954581410558	457.9332551737745	546.7081440147708	656.473971867236	792.889369301702	963.3577551343778	1177.6275679199073	1448.6184073601141	1793.5600011069364	2235.5735612125177	2805.88479175785	3546.9311656493574	4516.75923290694	5795.287099925202	7493.272567037825	9765.24120189733	12828.24822205216	16989.27002073115	22685.455147783163	30543.660371343336	36282.85320935652
288.56074503928687	265.487984953096	226.23897773383587	194.58000475579246	168.90685408310486	147.98723543588915	130.869535537286	116.81510958508903	105.24806275079371	95.71753423454021	87.86947730516758	81.42535771021224	76.1660176199233	71.91944046681243	68.5515028618769	65.95893654769588	64.06410668711122	62.811187542835754	62.16333109531786	62.10090350457505	62.62046939831783	63.73447626407369	65.47163557718774	67.87803957149573	71.01902521998268	74.98175824960113	79.87891182935844	85.85343472118446	93.08463665107493	101.79604110839115	112.2653075217687	124.83671586539722	139.93709922310586	158.09584320603372	179.970489695581	206.3793190830899	238.34320773115883	277.13985413562614	324.3744700307114	382.07284614083056	452.80421678661855	539.8456746014346	647.4028870503031	780.907646977691	947.422275642197	1156.1906097786632	1419.3931438882028	1753.1848892665803	2179.133202926569	2726.2169986581143	3433.6231811234848	4354.685558525002	5562.4647843965	7157.698209315471	9280.210362401904	12125.374941620457	15968.05042243663	21197.54838503584	28369.125522353184	38280.24922417614	45634.481107096355
327.0563251245138	300.45759484104127	256.1106708985498	220.33272426983845	191.31401891108823	167.66421955194693	148.30944814441432	132.4160823994119	119.33400395474621	108.5542666438178	99.6771399590873	92.38816266173377	86.43986580133414	81.63808176389347	77.83148079088724	74.90359015068353	72.76702721185572	71.35907076970656	70.63859677244325	70.58409364728374	71.19256817139383	72.47925167155344	74.4781315294186	77.24338532688333	80.85156647166575	85.40484279847901	91.03551888708333	97.91170934386	106.24503922597965	116.300169908409	128.4071465056357	142.97709673161484	160.52199401623412	181.68010628276	207.24808274590094	238.22229772973833	275.8518194971425	321.7069504733333	377.7685176112717	446.5448741412951	531.2263104372649	635.8909524933383	765.7810017966887	927.6745787543573	1130.392170891209	1385.4876326697904	1708.1947248911756	2118.7360438565665	2644.1346936280056	3320.7394138763443	4197.768243625164	5342.297117100738	6846.345252124631	8836.985722247393	11490.868834612234	15055.21619438823	19878.373736042147	26454.545458308025	35489.72948498696	47999.53980859926	57421.13822622106
374.1410571958363	343.1799522863994	292.61097274081186	251.80485493348922	218.7013837769424	191.71747529307083	169.6302129774696	151.4901582337783	136.55668621795598	124.24992999496712	114.11445002168749	105.79187073276162	99.00020131676506	93.51817701808557	89.1733736957649	85.83319534030274	83.39820587515301	81.79717347240383	80.98360970360007	80.93354744544845	81.64423170685707	83.13399235114443	85.44289581312815	88.63441412141269	92.79814098387472	98.05373689157537	104.55623858816928	112.50315557257242	122.14363928011734	133.79018949444787	147.83388057073955	164.7636402005961	185.19099090485273	209.8815750688366	239.7954714370884	276.1394761257748	320.43357775184114	374.5980769309913	441.06588936227166	522.9307626234828	624.1420509872984	749.7638764593511	906.3218984676113	1102.2710699764964	1348.6305977360933	1659.8512305704458	2055.006456760089	2559.438626413786	3207.0454126299824	4043.473085214769	5130.596915972699	6552.855398508878	8426.248034020979	10911.193190586086	14231.034503457884	18698.835060535002	24756.41057229442	33031.5911205158	44422.73205031929	60224.3194131059	72292.63746613922
431.98859798778545	395.6043180761941	337.4092003743786	290.4390075515942	252.3270614441596	221.25432339027944	195.8154354262046	174.91905405448023	157.71378119688364	143.53288555108398	131.85256639128414	122.2606884640753	114.4329365334121	108.11480322365917	103.1080061401711	99.2600534004495	96.45669889220869	94.61622653014743	93.68544468818082	93.63718503438025	94.46889838293974	96.20247793873624	98.88508590654676	102.59118833125282	107.42589990808662	113.52960312600648	121.08439799882996	130.32256740949677	141.53775714830158	155.09914904651947	171.47003235312644	191.23145319085998	215.112611204417	244.03007582393545	279.1380512817949	321.89350748803895	374.14009226696334	438.21752618481304	517.1041355080932	614.6033800980106	735.5910442549622	886.3421886592214	1074.9689390248877	1312.0109858779863	1611.234342018769	1990.7243333334384	2474.3870118326718	3094.0239481022454	3892.2215753138116	4926.384061164792	6274.420876905611	8042.773779571688	10377.859018595174	13482.437094468827	17639.210053317147	23245.02706304009	30860.813078216506	41284.887040266745	55661.4026864096	75641.64764110555	91103.60674457096
503.41522513847076	460.25382331172403	392.6660518711699	338.10259047810104	293.8196929943947	257.708231315876	228.1383782850542	203.84413327115774	183.83777416376	167.34562144779724	153.75984909098398	142.60205128140024	133.4957224643278	126.14547084841327	120.3210654302836	115.8455489038836	112.58641631600781	110.44887585850971	109.371456464146	109.3229417730238	110.30088736533038	112.33139169110665	115.47016578296079	119.80498957564463	125.45960943386329	132.59944375065055	141.43922310944316	152.2531623884152	165.38851367850873	181.28260834497587	200.48554519640595	223.68894523082278	251.76336753274458	285.8064423063888	327.20556240821975	377.718388487466	439.5784759197718	515.6322364131368	609.5188216601514	725.9058857331408	870.8020986351206	1051.971804463917	1279.4893215919603	1566.4861432141297	1930.1620513329653	2393.167414697814	2985.5003626988023	3747.1330753372276	4731.664564717032	6011.4383998443045	7684.74754622564	9886.04763405482	12800.50511849603	16684.88200949237	21897.62740898103	28942.63453722325	38533.11301683134	51685.63729483504	69859.32404065772	95163.27363478155	114989.45825305508
592.0915372032123	540.4128065849178	461.1948271774359	397.22737595907034	345.30046819696065	302.9463930400877	268.2575474800773	239.75209412056384	216.2735481276315	196.91596904164763	180.96741254053228	167.86754682520066	157.17524629338695	148.54439394355978	141.70529386988548	136.45062041357153	132.62513907831212	130.11793307975435	128.85719596137577	128.8066253745157	129.96381178120367	132.3599235803982	136.06107890709885	141.17133885306814	147.83726025473402	156.25482969001064	166.67866903476923	179.43424447411064	194.93409308251043	213.69871906487575	236.38388547503274	263.81584560809387	297.0369175735131	337.3649851058269	386.4704980230365	446.4769890665612	520.0922535904854	610.7800465620653	722.9866140493482	862.4379502540235	1036.5356386967594	1254.8820924102695	1529.984843235602	1878.205504083598	2321.044265610944	2886.8955886323643	3613.4568527363876	4551.062653229928	5767.325414973632	7353.637738770276	9434.341130387678	12179.731790795695	15824.617424832799	20694.96909277765	27246.437340915963	36120.34441038129	48225.61199090817	64859.504478625546	87886.54335901195	120005.65784275434	145468.18292905646
702.8294234382635	640.3824125023303	546.6803549404945	470.99878609802664	409.5484409869103	359.41528342752264	318.3465171376753	284.59150720707345	256.7840760717428	233.85340738199648	214.95817674503854	199.43582472923987	186.76499331417938	176.536297996775	168.43083873030346	162.2035292994399	157.6707536986509	154.7015329094808	153.21104256042182	153.1566755601224	154.53592884652286	157.38626326059344	161.78663772379232	167.8611438760819	175.78455269087297	185.7907289822669	198.18342921216436	213.35142218722575	231.78781002480218	254.11565512900052	281.12078145452915	313.7950264558794	353.3921581018943	401.50068400298136	460.13887245078126	531.8797412249463	620.0137358425494	728.7644690254381	863.5715367513578	1031.4673848470024	1241.576147295905	1505.781470485053	1839.6220045335642	2263.4989375418418	2804.315377733974	3497.7125365569896	4391.146262657693	5548.13638299809	7054.18923666369	9025.094657533597	11618.63542335717	15051.201459517488	19621.537655443663	25744.88650873298	34002.33692304469	45212.74382070753	60538.042655694415	81638.57744455858	110903.7190568234	151796.44898481588	184575.67492140533
841.9749800588165	765.828472841454	653.9775331382962	563.6149147847507	490.2265983979326	430.34030018917963	381.2710534598109	340.9320937287082	307.6942330524589	280.2807612147444	257.68799138400726	239.12555215083725	223.97130206112087	211.73684150669186	202.0414923738153	194.59276090731794	189.171581549416	185.6217284273904	183.84209053408995	183.7820581639453	185.4390013526949	188.8581581537738	194.13451679530584	201.41708650705723	210.9160120196692	222.91211523884297	237.77060477087812	255.9590020518187	278.0709089241234	304.8567161155346	337.2643214820592	376.49139866132646	424.0541802689695	481.87708275294887	552.4104851719563	638.7846555267679	745.01341300627	876.2628507920674	1039.2072757157282	1242.5033778471852	1497.4215119942546	1818.694504292798	2225.655812019459	2743.783376228933	3406.7937888478955	4259.506532158449	5361.783766863841	6793.978538498458	8664.528466532833	11120.59474383572	14363.082224202022	18667.974073687154	24416.829495495083	32140.67502910276	42583.5401840154	56795.08325867764	76266.4146545045	103130.67941499881	140461.0635013481	192716.78823852472	235047.90748614096
1017.9493007731753	924.2607045394099	789.522530109993	680.6420895734524	592.192699875952	519.9994554700412	460.83301980682324	412.18307667097304	372.08941182288686	339.01542532931234	311.753078979743	289.35085641049676	271.0595479588246	256.29100510090956	244.58678155195656	235.59458371768747	229.0505637450673	224.76658282235275	222.62102903463946	222.5531665395998	224.56022228851077	228.69708132723332	235.0788873504076	243.88614195345545	255.37319384186637	269.880138785312	287.84933968648016	309.84734690235257	336.59378737404217	368.9992403595809	408.21476465429214	455.6961162700541	513.288717383897	583.3380694347387	668.8352272168719	773.6086794803118	902.5776978511052	1062.0886669866688	1260.3624242362378	1508.0914832932037	1819.2409200999525	2212.1237823405672	2710.856414075045	3347.328206234145	4163.8889415478325	5217.0295158060335	6582.445502433343	8362.05557402066	10693.786017178052	13765.293592256456	17833.32092575565	23251.246400216653	30508.444791343838	40286.97749983564	53543.782148727434	71630.4787408923	96469.31849179379	130813.20125357072	178632.41457401263	245693.86635203336	300567.29545711866
1241.9956410313748	1125.6947851673194	961.9010405288784	829.5070162312687	721.9296097223911	634.1029374823179	562.107650915674	502.8964665299426	454.0893041970155	413.82002202186897	380.6209585648606	353.33638837564	331.055779059237	313.06441387945256	298.8050471182052	287.8493992148841	279.8768701072441	274.6587396310621	272.0473724698518	271.96906604604527	274.42081264800623	279.46988191702326	287.25683843008994	298.00207998711875	312.0160746264476	329.7139354279438	351.63581465588607	378.4737144897802	411.10686281689965	450.6485127197381	498.5066859355522	556.4638020972959	626.7813529348612	712.3366825745261	816.804319059465	944.894425235399	1102.6694947785852	1297.9664538837571	1540.9591152446837	1844.912672717734	2227.1982873938423	2710.6633899048334	3325.4869568626987	4111.705597511964	5122.665070369185	6429.7631426018315	8128.985668558594	10349.99007099947	13268.76269496352	17125.407515400628	22249.26521277565	29094.636241113727	38291.90819977346	50721.18048614178	67619.10628580535	90734.72600097067	122558.55439578077	166661.26628903463	228198.01453712763	314664.42524326284	386099.96082727594
1360.3086001388288	1247.5245369444265	1063.7450850476048	915.4435088147079	795.1342595276268	697.0650591265372	616.7922930589682	550.8661255877086	496.5954246736515	451.8734092446487	415.0455058080632	384.8097175268902	360.1421409465019	340.2394831103074	324.47638149398756	312.3724745516479	303.5684042913555	297.80809340553037	294.9261731494327	294.8402272275189	297.54695125688573	303.1216296750137	311.7218468139581	323.5945929742685	339.08790804781614	358.6678243270927	382.9409411321349	412.68548176707435	448.8913827898103	492.81363241892876	546.0420724893319	610.5923216140328	689.0262867250912	784.6092128040033	901.5197293356964	1045.1240673927493	1222.345898588753	1442.1555994661967	1716.2278213557302	2059.8243816140193	2492.9890836212644	3042.161187102258	3742.3742641924387	4640.2596584785115	5798.160488679058	7299.809540761492	9258.183195877607	11826.439496810719	15213.21415483128	19704.18232416943	25692.554227886307	33722.561106031375	44551.80926880351	59241.35530203259	79286.4586369036	106807.9912273264	144834.10211670664	197717.803916319	271759.9408574379	376144.7401089399	453251.08448122663
