1.0580017097508351e-5	3.612250279230947e-5	0.00011173462541363035	0.0002961081458673255	0.0006494336923294041	0.0011589191280904393	0.0016699177119657886	0.001936183005714051	0.001803188433436141	0.001347833043308277	0.000808921450044282	0.0003910949169184041	0.0001546004498191634	5.430120522759817e-5	2.5650693215381917e-5	2.7625660273057634e-5	4.084589624099735e-5	5.49416804895756e-5	6.397854993307778e-5	6.755593924751547e-5	6.893815258289355e-5	6.960329086119268e-5	6.764881008280895e-5	6.238301089247937e-5	5.733388081515345e-5	5.608973752262575e-5	5.6793269215525696e-5	5.358519206473876e-5	4.33169537981287e-5	2.8835622065772063e-5	1.5604774360206323e-5	6.877212336035043e-6	2.507800417381009e-6	7.858642385651005e-7	2.2592976062163816e-7	6.365150899287294e-8	1.767510433254089e-8	4.551048215631402e-9	1.0144498601274255e-9	1.8759975441490426e-10	2.820590415117259e-11	3.418657841300018e-12	3.328966870893509e-13	2.601092033974051e-14	1.6302008562336787e-15	8.19617257116218e-17	3.3072331502620504e-18	1.0719889375161549e-19	2.7955336310213575e-21	5.880709568645787e-23	1.0022099620755184e-24	1.393185843368798e-26	1.5957467378084537e-28	1.5264385314242117e-30	1.238075772827282e-32	8.623117555885647e-35	5.1827648268330365e-37	2.673955772313575e-39	1.1691339768978092e-41	4.266782705938688e-44	1.2824902316484364e-46
1.498464496452266e-5	4.8847504997504204e-5	0.00015076252375864982	0.0004154005465608323	0.0009711381474465513	0.0018708385051904124	0.0029286935045326826	0.0037016413258774607	0.0037650129908865172	0.0030767439923875717	0.002020221674524823	0.001069280099024263	0.0004623066587736548	0.00017304140657258907	7.355618301213878e-5	6.277480092371939e-5	8.922336531941218e-5	0.00012570947388712268	0.00015393033149755538	0.00016734994139233048	0.00017205305728416526	0.00017492912913581954	0.0001736867513284359	0.0001636317623719046	0.00014969045017945514	0.00014277493721222073	0.0001442206574525475	0.00014144399778639433	0.0001220479764559598	8.773395502187889e-5	5.148083033283585e-5	2.461818719318202e-5	9.724754153747996e-6	3.2867058986498697e-6	1.0122773290636385e-6	3.042091705394545e-7	9.038420893362839e-8	2.507685681215282e-8	6.056382227792381e-9	1.21700833191971e-9	1.990866928318898e-10	2.626883861554887e-11	2.7854246410460404e-12	2.3703179262221297e-13	1.618210005023116e-14	8.864492090204075e-16	3.898785029862913e-17	1.3783717072769551e-18	3.9249872500215784e-20	9.032382185553348e-22	1.6889308351448818e-23	2.58752368379215e-25	3.2866222554323736e-27	3.512224391173683e-29	3.2042597657678713e-31	2.5193826653280282e-33	1.70709749302702e-35	9.87364656856575e-38	4.803914548048049e-40	1.9375171668849798e-42	6.401968856020656e-45
2.1687488496339053e-5	6.663453865178149e-5	0.00019817218982124587	0.0005507977883103151	0.0013484860310153176	0.0027803053658024598	0.004711831679841171	0.00648739706734974	0.0072111122936007995	0.0064493353930303345	0.004639226059365734	0.002693041116575196	0.0012780403291110212	0.0005201076841062939	0.00021763610107519013	0.0001485484818917935	0.00018687789316285952	0.0002681673938543538	0.0003450740662764874	0.0003894694308533582	0.00040583623100199506	0.0004141193897899208	0.0004177460124036511	0.0004035304777376445	0.00037225103079210615	0.00034788452407959506	0.0003460444603927737	0.0003474621656494283	0.00031730524114706985	0.0002453768943488459	0.00015586173997244517	8.081087830668436e-5	3.457108127655151e-5	1.2603321317466777e-5	4.1599386704625135e-6	1.3334138317812014e-6	4.235991644743383e-7	1.2654676719380027e-7	3.309913591901895e-8	7.225672622657179e-9	1.2859503226141685e-9	1.8470976839904102e-10	2.1327422498783e-11	1.9766941656225173e-12	1.4701035885038087e-13	8.77575588636181e-15	4.2082500223205904e-16	1.6235079266227928e-17	5.052013591247666e-19	1.273443082302961e-20	2.617716428756063e-22	4.432372071242402e-24	6.265304958167899e-26	7.50640693941174e-28	7.720782870394158e-30	6.852852545815679e-32	5.222613489391907e-34	3.374356026294717e-36	1.820489984825215e-38	8.091652704368413e-41	2.9333914287851126e-43
3.1586914105035086e-5	9.287827745094491e-5	0.0002607269066616529	0.000705462055239085	0.001759812009760266	0.0038245231238228567	0.0069689603801302066	0.010436911441046491	0.01269518161866317	0.01244153085692392	0.009809896009065632	0.006252532774785816	0.0032644020828097543	0.001458643954776725	0.0006393299581419417	0.00037870949385702236	0.0003918814164025797	0.0005404895808919003	0.0007215097055513265	0.0008495498080762547	0.0009043075615980556	0.0009259917424886295	0.0009427806718582796	0.0009328824840487537	0.0008770196031369812	0.0008119720913824882	0.0007901821836815906	0.0007994072205636386	0.0007640212608364596	0.0006321923787922329	0.00043364835172352196	0.00024348969736557257	0.00011274635059007742	4.433301284239649e-5	1.5684724073690397e-5	5.361753000595671e-6	1.819932877109883e-6	5.849568177380381e-7	1.6561273255952365e-7	3.926649586612827e-8	7.601709501760746e-9	1.188564726360366e-9	1.4944103682787199e-10	1.5086133200495533e-11	1.2224025114910597e-12	7.953474656996473e-14	4.1597764369953296e-15	1.7522686405551312e-16	5.964599898364671e-18	1.6494314648293675e-19	3.736268984746098e-21	7.014272893856707e-23	1.1074394368018127e-24	1.4921839031991846e-26	1.732550059476102e-28	1.733825682897916e-30	1.4815884524166204e-32	1.0654253483327702e-34	6.353381291777435e-37	3.1046944737592957e-39	1.2328890626883812e-41
4.5064630658825944e-5	0.0001310892102644586	0.00034964460889630553	0.000896583761915517	0.0022005144894695094	0.004918398134878664	0.009515643756743006	0.015455456889031957	0.020651756871178265	0.022256594969416798	0.019209770142147677	0.013412984159027622	0.007704280909217307	0.003792119240218622	0.001796676912950822	0.001022862726815315	0.0008690309445797399	0.0010603036038609186	0.0014166741372766607	0.001735191501963946	0.00190107680231489	0.001960011065357564	0.002002269243592473	0.00201967906641658	0.0019471369265294137	0.0018103689812655334	0.0017265398420204512	0.0017353196236798115	0.0017122616298743643	0.001504866996030729	0.0011109242762281058	0.000674382490016772	0.00033768386408708663	0.00014315894521338713	5.428740565191692e-5	1.978687152800575e-5	7.170377363179297e-6	2.4774377142523815e-6	7.587910723877159e-7	1.9533451361904088e-7	4.1128425873154334e-8	6.999549901859564e-9	9.58327732795278e-10	1.053791007895624e-10	9.304201204116078e-12	6.599961588130804e-13	3.766596311710792e-14	1.7337717812211287e-15	6.463787606371113e-17	1.9648123232218893e-18	4.918067630073039e-20	1.0272921839627308e-21	1.8180621342614038e-23	2.7615383265536985e-25	3.6196956218661906e-27	4.074817970983037e-29	3.8904466119819854e-31	3.102800896470714e-33	2.0393663071421543e-35	1.0934917732199076e-37	4.75046991289823e-40
6.13921761371438e-5	0.00018278782174607712	0.0004769129763373722	0.0011562057454693234	0.0027055801077816993	0.006013332836200197	0.012088289897501532	0.021143882983117413	0.03128927947003582	0.03754835979942429	0.03545514426547157	0.02682732630648116	0.016834582394320452	0.009108186376208197	0.004708548843947597	0.0027672379754809834	0.002089105492113852	0.0021263497396019396	0.002660101340156193	0.0033266773459708554	0.003765851178387026	0.003932477677791637	0.004016667906499533	0.004099098135184064	0.004057052778868334	0.0038357238008031465	0.0036177179511444864	0.0035811521685825284	0.003594261104752441	0.0033229498800573867	0.0026275180101857382	0.0017203468956097311	0.0009302770789425631	0.0004248801795956852	0.00017263015380632006	6.705746262401954e-5	2.591965079476491e-5	9.617210833424124e-6	3.1843289073013808e-6	8.896742169032474e-7	2.0369301558947593e-7	3.772921119795853e-8	5.624864163360831e-9	6.737742469262165e-10	6.483407307251634e-11	5.015686466046848e-12	3.125261678931511e-13	1.5734942393911723e-14	6.435049225178729e-16	2.1551779871616576e-17	5.980072716041013e-19	1.3949229683442997e-20	2.7759440049415577e-22	4.759596984606776e-24	7.034638645539943e-26	8.881004135411264e-28	9.439101626805608e-30	8.322246087153209e-32	6.014478046670995e-34	3.532841663739101e-36	1.6773313592717086e-38
7.842271825063085e-5	0.00024515131552598667	0.0006479328694337486	0.0015201869795895015	0.003354269485973614	0.007161154487528628	0.014482325588718207	0.02682458228195759	0.04432442748020327	0.060900901763860725	0.06381815184633897	0.05136267676402874	0.03436708940297765	0.020210862531855944	0.011352986234504866	0.007099603553487318	0.005245905311428896	0.004563144448746879	0.0049499995177405215	0.0060442918800030715	0.007031842237191983	0.007484355037626301	0.007642159668473149	0.007823290368143419	0.007917449198854004	0.00767731567429595	0.007257279561447236	0.0070693888210576275	0.007119303707014694	0.006842935493713953	0.005758765329194197	0.004053361262924752	0.0023624586478108766	0.001160969185039907	0.0005049940744715105	0.00020889437596760316	8.602597015722542e-5	3.423726540499253e-5	1.2244882468857977e-5	3.7111157929105333e-6	9.23646346828217e-7	1.8617282522490436e-7	3.0222102071825e-8	3.943859506106604e-9	4.1368412406735803e-10	3.491763944671423e-11	2.377232151193092e-12	1.310746384541064e-13	5.891526101231686e-15	2.1799833149523136e-16	6.728886227665758e-18	1.759065376563285e-19	3.945810464791411e-21	7.637741569454006e-23	1.2700358699712972e-24	1.7918035028009e-26	2.1125043120260862e-28	2.0531856215100888e-30	1.6282981408579336e-32	1.046412500192245e-34	5.42528629282304e-37
9.289736401548991e-5	0.0003098322751225342	0.0008533758737210658	0.0020057225737233468	0.004241200678493185	0.008533199492864903	0.016720523558743473	0.031747445909642236	0.05820313760720183	0.09452061204346995	0.11488436923724495	0.09849031369551386	0.06725998412719683	0.04167663076714902	0.025084017380683322	0.01670939793960567	0.01285416128594074	0.010449402643693116	0.00956758988306969	0.010640002583900262	0.012436430232713633	0.013532258156915103	0.013850213707231522	0.014113348023444402	0.014486121386391812	0.014451753085430232	0.013874375128658075	0.01339130710084474	0.013408414704002536	0.013233011225105493	0.011758911149360628	0.008856593728667714	0.005547737943441758	0.002927857017252186	0.001361546587104795	0.000599002380115505	0.0002624228054358927	0.00011186617740091646	4.317108625226558e-5	1.4183828633814044e-5	3.835962772194843e-6	8.411916247051608e-7	1.486767581455183e-7	2.113812088877533e-8	2.41761439442128e-9	2.227633315325029e-10	1.658621468312367e-11	1.0030529173872394e-12	4.9665702457855414e-14	2.0367801238979593e-15	7.019183964119506e-17	2.0630061936151924e-18	5.2233787574797456e-20	1.1401700140363952e-21	2.126582175281685e-23	3.340556006722638e-25	4.3546449883261016e-27	4.6542632034621277e-29	4.043864376081746e-31	2.8402753799253248e-33	1.6070606806705308e-35
0.00010141316194052299	0.00036422289135982605	0.0010652405522277126	0.002586776735479352	0.005416254701620152	0.010355026055298613	0.019133200557356348	0.035573836754126564	0.06970589369810805	0.13439816626698312	0.19969897087199726	0.19327900734265746	0.131780022411486	0.0812635764513072	0.050977001958973873	0.03562077643297734	0.029125812768988662	0.024127336361160507	0.01969824300573687	0.018815884274233478	0.021110020502224464	0.023373711036191697	0.02405760148013143	0.024246195076015872	0.02497057181691144	0.025581969218391447	0.025174525444529142	0.024333400563210195	0.024165165815426125	0.024233532200611283	0.022558173750693127	0.018072324497411807	0.012106008508213188	0.006838817308284645	0.003392610780678892	0.001584335659923029	0.0007369048094186923	0.00033585562082209325	0.00013967564147420502	4.9704280708128695e-5	1.4598383701756811e-5	3.4816321192293346e-6	6.698925294013699e-7	1.0377199091102515e-7	1.2945238879054319e-8	1.3029727327070305e-9	1.0622378755601643e-10	7.058894562128542e-12	3.860747211270036e-13	1.7608653117544923e-14	6.7994426403778e-16	2.2523132947591447e-17	6.438082123167784e-19	1.5813007291209255e-20	3.2965926031359675e-22	5.745398677089241e-24	8.257271175184371e-26	9.685575732505513e-28	9.207484413728499e-30	7.062306783330538e-32	4.3587084272958374e-34
0.00010168671972183188	0.00039528376182252755	0.0012413640668594618	0.0031826620209754212	0.006820240496547227	0.012768888747306683	0.022248891579548624	0.03887135092577413	0.07595834795775169	0.16639598223018956	0.3074395807443708	0.366840934026703	0.26440113667868614	0.1545406082019358	0.09638921546675515	0.06893257946369206	0.059464304279000776	0.05268603666494496	0.04202115218701551	0.034623478902842564	0.03521377512549481	0.03910784785074168	0.04058643482384114	0.04013977857953329	0.04092171686569039	0.04289078402640196	0.043474120638455425	0.042392038277508946	0.041826928180345446	0.042373735153561846	0.04116598758440365	0.03491691668388185	0.02479195922375857	0.014879841197559276	0.007842554454130292	0.0038765914209641732	0.0019090230217129942	0.0009280768323341559	0.0004152455377514071	0.00015986390435460127	5.0949397171516835e-5	1.3208148374040989e-5	2.765799063882453e-6	4.6682443827403205e-7	6.354009768257662e-8	6.9918733328850045e-9	6.250056741664308e-10	4.574117625639756e-11	2.771973689163032e-12	1.4111918166489097e-13	6.125265969640133e-15	2.2900663469192715e-16	7.382414618561468e-18	2.0341952497726802e-19	4.722691941840576e-21	9.10212154471948e-23	1.4387270036900403e-24	1.8490195494234862e-26	1.9212036148736134e-28	1.6082148719357248e-30	1.0822551708263075e-32
9.348741596890138e-5	0.0003944446111420617	0.0013385347361452322	0.0036719157754945154	0.008255865856775884	0.015692035139921102	0.026551274079041367	0.04311228943355832	0.07775375238477432	0.1766044727055743	0.39203310516201684	0.6295095389755425	0.520836685837087	0.2944894685293987	0.1729782264159174	0.122617957657582	0.10910582353308908	0.1049742336212816	0.08761624245487935	0.06650221725287343	0.05926065434158635	0.06464119547699494	0.06828107490255256	0.0655930815054883	0.06463458667921153	0.06899415372940061	0.07263983180305235	0.07144067509074478	0.06972872771169654	0.07107163742336789	0.07236208679089547	0.0653638236723784	0.048698014088109094	0.030521078260387673	0.016919274658180355	0.00881023551131228	0.00457646510135124	0.002365971343698992	0.0011364661641622032	0.00047262645787279423	0.00016326559571418076	4.5969946954201014e-5	1.0471508744902593e-5	1.9256051406549266e-6	2.860831370028114e-7	3.4449122545443166e-8	3.3823570313580388e-9	2.733283647244712e-10	1.8415745438275905e-11	1.0501967530814813e-12	5.1366399576127533e-14	2.1680731536518126e-15	7.865342404755608e-17	2.422875116974011e-18	6.242016380495979e-20	1.3265444725917102e-21	2.301393240829231e-23	3.2363180441447566e-25	3.672329453344245e-27	3.353218277700032e-29	2.4597674800449277e-31
7.873548747788011e-5	0.00036113115603648185	0.0013289339273976645	0.003931017519226721	0.0094221868942248	0.018741084462661876	0.03224780591314308	0.05035736780029746	0.08035455071562413	0.16669437483146632	0.40299965703003354	0.9252141242279587	0.9827989774471028	0.5564071270530906	0.30253989560872946	0.2044766055202701	0.1813452080230494	0.19058392055464757	0.17210656633426893	0.12868111919558856	0.10172509589685425	0.10634515393163949	0.11751800767046684	0.11055512176126552	0.10086522296935435	0.10737336751102963	0.120001882030427	0.11986546897844708	0.11331359237282147	0.11434631486575726	0.12263248022273732	0.12095831345683496	0.0951457338108567	0.06061307796316221	0.034454830491675414	0.018704116897843903	0.010195128851286024	0.0055826701464820536	0.0028708214342125444	0.00128715910893644	0.00048121095933339667	0.0001469895347216655	3.6396170962450504e-5	7.290131321393857e-6	1.1826372737251164e-6	1.5601337697629298e-7	1.6858827055591682e-8	1.5087356774876462e-9	1.1341652627888488e-10	7.268055600902584e-12	4.0117609881577426e-13	1.9097132761874807e-14	7.773447203543692e-16	2.6671846791473544e-17	7.600022743730858e-19	1.7765710075412482e-20	3.377225476714906e-22	5.191086954698725e-24	6.428755837260942e-26	6.400726607894574e-28	5.116930715468292e-30
6.0719001790016485e-5	0.00030301476395140837	0.0012116583838691268	0.003882016015476202	0.010011168680157428	0.0212584966116818	0.03895886583204844	0.06299684678133809	0.09216665486689614	0.1550393044332172	0.3492927618079326	0.9276812796352649	1.721808674264802	1.001036836769609	0.5290235658225659	0.3292107568310432	0.2742295522448247	0.31444177588278804	0.32534472028696904	0.24361580761339718	0.1759779458425932	0.17095024121617627	0.20312596367830632	0.19900018029350486	0.1633070110271048	0.1615580952652119	0.19443765777939567	0.2061897888135042	0.18576376668005493	0.1773540898939773	0.1969681343603413	0.21840533655903374	0.1894356798029661	0.12164553917112926	0.06781894612364997	0.03743228207600055	0.021229296381766734	0.01224942373515234	0.006718063435730671	0.0032388727352469287	0.0013078344492537244	0.00043268787064552737	0.00011632818779261204	2.5366956525612312e-5	4.494685392038332e-6	6.503760453261452e-7	7.752390947443558e-8	7.707562484481196e-9	6.486723591918463e-10	4.6826273086199324e-11	2.91761543572616e-12	1.5630871409333816e-13	7.114042608673963e-15	2.709104813071629e-16	8.513158811378907e-18	2.184405992712613e-19	4.543967027919452e-21	7.627965841318354e-23	1.0304738764209748e-24	1.118386619187059e-26	9.741913086586286e-29
4.286845723267643e-5	0.0002328888247590524	0.0010131391478315581	0.003525102316207008	0.009830081380626833	0.0224908682753679	0.045198186369035255	0.08199767147108564	0.12356745395809163	0.16811267263679797	0.2916434760141476	0.6527945446626872	1.7313679870550673	1.5852937971588255	0.9299036135271669	0.5322832594889629	0.3916619528364269	0.43501572949576867	0.6068186396173075	0.47202711609654635	0.30293053513531115	0.2623847259295391	0.32857284380788887	0.3663016478886761	0.2881354024470621	0.2387794868718782	0.29370895007704156	0.35302622287230123	0.31882474154108553	0.2726854407339148	0.29462609760378666	0.36510020171429924	0.370823436201209	0.2526674445181625	0.13390463347185202	0.07174524261078313	0.04167031893850333	0.02518230309235938	0.01464800501527151	0.00756215221128646	0.0032889190508665097	0.0011760175722450277	0.0003427334387003383	8.129360761631606e-5	1.5734009468548066e-5	2.5003213584570367e-6	3.295434116475237e-7	3.651494827136569e-8	3.450778573685825e-9	2.810048334948588e-10	1.974421841023852e-11	1.1869370357014471e-12	6.017969487166537e-14	2.5350664009615744e-15	8.763407982195412e-17	2.4640921590681866e-18	5.602961147690745e-20	1.0265550464172547e-21	1.512169151403785e-23	1.7885782809310806e-25	1.6973592502403177e-27
2.7708330481622465e-5	0.00016392124955001483	0.0007764062584624947	0.0029386433821921316	0.008886819062254348	0.021936338706115364	0.048441605764072596	0.10262577011704538	0.17937455779457415	0.23244937525898085	0.29071332631332814	0.45928689402538775	1.040711532675234	1.9227183366625373	1.5733065641334223	0.8816927862735261	0.5913362460353359	0.46594396253935355	0.9661331719549568	1.0008065016599499	0.5400731623793924	0.3871089058378857	0.4689540266273635	0.6252217791091884	0.5366475795543256	0.36641663970965016	0.3975463071001975	0.5547542069694724	0.5583938355080713	0.4356093089637492	0.4158502159820629	0.538979217145548	0.6603486088828894	0.5191858675095563	0.271171535667199	0.13475045214422468	0.0780128359803577	0.04913078345282659	0.030092899044558228	0.016498330700174743	0.007689987063824639	0.0029630692920696905	0.0009340345171190938	0.00024064073486418475	5.086126624294593e-5	8.885933390962666e-6	1.2979872343738443e-6	1.6075093671608744e-7	1.709510969233443e-8	1.570588337492175e-9	1.241774741141308e-10	8.347151422304551e-12	4.697645636932645e-13	2.182585078640193e-14	8.282598509818663e-16	2.5485885471439224e-17	6.329239313065387e-19	1.2649852448837649e-20	2.0312437567621934e-22	2.617852084883104e-24	2.706321982610396e-26
1.6398842614506812e-5	0.00010566998931386418	0.0005452024494126624	0.0022473418383971364	0.007386064926195542	0.01964730234313791	0.04675086194880633	0.113973897090215	0.24226267838727608	0.3586085690661815	0.3841795670569562	0.438896033385869	0.5703553403762711	1.7597775109575966	2.474417684614207	1.4378780213698694	0.955135554114893	0.5527389896980365	0.9026315791828602	2.030708933562373	1.0769741998604438	0.5776965789997741	0.5924272060501318	0.9309024876376191	0.9902050817120326	0.60322235219721	0.49593076370582706	0.7562967959297426	0.9544117948512953	0.7259314513382069	0.5869493167291686	0.7033169417173676	1.0241147954357575	1.0020362120632091	0.5433719996051178	0.2518565952702689	0.14098515760125951	0.09261181749691243	0.05956076765553006	0.03413108109180882	0.01684514210410538	0.006957614191822612	0.002365386281935427	0.0006606195784616556	0.00015235437923789675	2.9283157511184103e-5	4.749591886756117e-6	6.588628247165656e-7	7.892218524083355e-8	8.170715186913908e-9	7.247112171873129e-10	5.426807019572013e-11	3.378673413765343e-12	1.7269862653634746e-13	7.182100234017802e-15	2.415801132202653e-16	6.54810198686854e-18	1.4270734386023149e-19	2.4973521522818684e-21	3.5065410979708905e-23	3.9486374202545584e-25
8.890040032233145e-6	6.240805035646127e-5	0.00035088120913256905	0.0015764658084667722	0.0056416222607793606	0.01618897909734574	0.04054272847402762	0.10790395079432857	0.2746819179758472	0.5275149144941357	0.5762387083373429	0.581899535537772	0.5827060694448498	0.9164017480822922	4.156819184758271	2.1475614091795197	1.3966424409616232	1.0880239647640655	0.08465173214251592	3.9300924588684185	2.1530798897002086	0.9359264824884439	0.7161343447855195	1.0913588189253713	1.7558227393386787	1.022328188750611	0.623673920538421	0.8193729329932639	1.5368134814315977	1.1863867404208903	0.8809041503762488	0.8600019639342312	1.3019580291332296	1.8203372342630106	1.0200788373839325	0.4600825513763988	0.24661081258437534	0.17055378432068727	0.1171617119867304	0.06899296322187215	0.035091084685280265	0.0153382589531916	0.005598710915750084	0.0016907012381431458	0.00042482771150396763	8.98223475685491e-5	1.6192953473907487e-5	2.518366324868509e-6	3.396058734717103e-7	3.952121450262103e-8	3.917999575888038e-9	3.2562511475878544e-10	2.2360166847678813e-11	1.2547157743678946e-12	5.710475075829412e-14	2.0978977010960473e-15	6.203194846195485e-17	1.473701715618626e-18	2.810098410978334e-20	4.29824374285816e-22	5.2718949735182755e-24
4.417367576078546e-6	3.379048173031507e-5	0.0002070950940904586	0.0010148112594668395	0.0039609729546278396	0.012311783133395638	0.03213973316290588	0.08731826791364063	0.25225018529433235	0.6520032522398298	0.9403237760365145	0.7424818167117833	0.9994422274206248	0.559332775410758	8.681065024997094	2.836546600011416	1.5356033872200985	2.0294814534467895	0.7147936702063861	16.193348235871188	3.525796420091139	1.5653418044001461	0.9544196664907031	1.0439837765162967	2.2059931191200417	1.6626857488448945	0.8395152152159697	0.7527363726603349	1.6075904158824945	1.7057789913773886	1.3450673767425234	1.1006517213041884	1.3845738951147113	2.554183218607537	1.7601171962067703	0.7836994763043562	0.4114914308459585	0.30210969083005107	0.2315953364786683	0.14176112434684793	0.0715617773151196	0.03212931712465445	0.012472282426245223	0.004058982211037285	0.0011088349629082563	0.0002575951436680546	5.159344284696192e-5	8.988757351180541e-6	1.3616317371801557e-6	1.7748621251152164e-7	1.9588280498660078e-8	1.8005543598263013e-9	1.3601473184460833e-10	8.364120804755274e-12	4.1612894927033286e-13	1.6685815794986428e-14	5.379966018307119e-16	1.3929432598035232e-17	2.89376551361869e-19	4.821342748572087e-21	6.4406643765726e-23
2.0140279372557062e-6	1.67928669634805e-5	0.00011223267844896193	0.0006001710207499585	0.0025584036741525384	0.008657576617085104	0.023781418873159783	0.06276434336453919	0.19014258674545367	0.5543559830857024	1.5031403141117679	0.8458119710471337	1.3291223325368828	1.6746207940656679	1.6863929768980648	2.7059933759164974	1.1922327023490245	3.4151965067772467	2.3550448870412097	1.5871244239788629	3.691732399585046	2.167182203216575	1.4784575669209383	1.0281246396571786	1.7662803491761092	2.1869413480444835	1.190960634279308	0.749915603553313	0.9939189732848256	1.5830986239472702	1.7869616268828104	1.593209803171405	1.3986421486696718	2.3439560954069845	2.4328453058608495	1.2150462742646007	0.6407205439450202	0.4945492547614343	0.44042711627697734	0.298022337833556	0.14812829121088206	0.06524844044527477	0.026373591769012078	0.009202035120683183	0.0027256945924028675	0.0006940514635869272	0.00015408430077145936	2.998765879902349e-5	5.083312125303189e-6	7.38927871692944e-7	9.042059768999249e-8	9.163259535938302e-9	7.597780100582265e-10	5.112817012695057e-11	2.7781942343030103e-12	1.215227603003301e-13	4.2712361931999924e-15	1.2049997047634561e-16	2.7270184654789754e-18	4.9488098754757056e-20	7.200035690741411e-22
8.440738192048833e-7	7.67499645094482e-6	5.596553549822219e-5	0.0003268112242913369	0.0015231867569318561	0.005634809095365707	0.01659156244844759	0.04257797205090763	0.1223734182038719	0.3596297916280719	1.0285960484954666	0.9463044160003833	0.9262665261871563	3.304650250372935	1.9997786249104725	1.8603899141299807	1.1005216193992	6.248577599270944	4.052779375488183	1.9448203404719524	2.1226852519491866	1.9279885351502897	2.308157581343315	1.3280056877935127	1.3514872606544532	2.5976393639597326	1.727776141597619	0.8895585856579256	0.7183762446379519	0.8691044057827111	1.6797652049416982	2.461800740450799	1.4797978938177985	2.367258324568517	2.916774011063997	1.7531825479435674	0.9295267005490124	0.7264006177986884	0.7526312544431764	0.6047456264180081	0.31253026425576963	0.13149194871966857	0.053493082496801486	0.01982122685780279	0.006346927686193523	0.001765224770326708	0.00043250460814800613	9.356031513382223e-5	1.765393975046099e-5	2.847763483910849e-6	3.848339679744771e-7	4.28735600797091e-8	3.894633178578041e-9	2.8646337411651853e-10	1.6988608424082177e-11	8.102994161033268e-13	3.1038320583774115e-14	9.540005491217637e-16	2.3517154683569358e-17	4.648196766892586e-19	7.365079676668974e-21
3.260893537778137e-7	3.235974759062615e-6	2.5765897393266825e-5	0.00016444535408153592	0.0008389370275806691	0.003402378809468582	0.010908306762455612	0.02847752442270037	0.07296337850290564	0.20992761149794031	0.5251878116607416	0.7354537025199178	0.12337198152065504	9.682078420243979	3.0446746136491605	1.7185837629402614	1.1226485117520992	0.8033777324011165	4.113483839536019	2.5141662096962016	1.4409164556456073	0.8736615088375504	3.765332837154061	2.2670104970921416	0.7150875681494195	3.860150751961716	2.4904528190593433	1.2381254527872227	0.7321120217350008	0.5559428609320626	0.6690975831961459	4.2897165601558935	2.0752785817276633	2.3233534527934974	4.122708168827521	2.4453592600542304	1.3027947407147593	0.9660838865006797	1.1120733361201527	1.1435518269160188	0.6363768781371227	0.263652823994526	0.1050574969835974	0.040750841966137645	0.014059102150642532	0.004254004231364478	0.0011434336016943882	0.00027306019464931565	5.698276629281664e-5	1.0146496911760477e-5	1.508423141021794e-6	1.8427446743627382e-7	1.830999302700653e-8	1.4706187540689482e-9	9.51320480295249e-11	4.9460908301942476e-12	2.0643682434478757e-13	6.9120331557552616e-15	1.8558751180635882e-16	3.995022202586717e-18	6.893848950375846e-20
1.1663700814612965e-7	1.2646980683519495e-6	1.100921384979322e-5	7.689191877742292e-5	0.0004299682244749663	0.0019157631320209608	0.0067491841462883765	0.01880733215989822	0.04486570507127248	0.11356192844985584	0.2805275709787537	0.44419159968904265	0.24138238321358857	1.9599319769137875	3.528969756740527	2.02761630615039	1.1192278338922919	0.7977829124839959	2.0619357242165	2.6672952003340384	1.5128123636466213	0.6157628363790592	9.209386074583719	3.681371795663072	0.9521192217683618	11.726418433539482	3.3480785636210464	1.786462588179712	0.959237543075912	0.6407418010372807	0.213404051782712	10.34078756242214	3.0680086418826873	1.1209939685719574	7.789180095988947	3.1772696938608482	1.8141614229670961	1.2241742354653782	1.3729948304604915	1.9654646370841669	1.207647218994383	0.5061082997054488	0.19954739941288951	0.08008503543541667	0.02967052499603407	0.009732514819452918	0.0028506768188915825	0.0007455106285419701	0.00017081217149417398	3.338985639796224e-5	5.440664091041288e-6	7.271337179588813e-7	7.89189193998206e-8	6.915924256812535e-9	4.877658608203613e-10	2.7636116800160058e-11	1.2566293513069325e-12	4.5830585525078656e-14	1.340240934990159e-15	3.1420364218097066e-17	5.904674670516448e-19
3.8877890885025476e-8	4.613992670785496e-7	4.398847003591197e-6	3.368036029398651e-5	0.00020679717711468906	0.0010143005618841686	0.003945160336781784	0.012064207620250818	0.029452011654941032	0.0649943025985249	0.15001856916156645	0.27884993676250336	0.29183117807630743	0.5971590132122698	2.4693346927399666	2.3316507438785354	1.2978513876969127	0.8043728766946625	1.2519542665168863	2.487463786945358	1.9151719461174277	1.0180221668455263	1.0921275980301708	3.729340386327236	1.846171016796348	1.1671502812800871	3.094205219022174	2.215299204172557	1.4168440762051075	0.8624561425283374	0.8494434113194856	1.4859869995106898	3.1026742441649207	1.5944158291000783	2.4330178780463236	3.2280698331739175	2.3692796801427525	1.5997286179844414	1.5019030910716091	2.37217156667599	2.066124916621692	0.8850672258807109	0.35975463033036453	0.14994750810892316	0.05958433599503151	0.021133201639780073	0.006702605576046946	0.0019037382896537171	0.0004752800449089441	0.00010142231061745051	1.804797322642576e-5	2.6331124311180503e-6	3.1177266211898967e-7	2.9789126987682e-8	2.289712120120959e-9	1.413447463027169e-10	7.000997740747726e-12	2.7810347950741836e-13	8.857283475772396e-15	2.261395254980126e-16	4.628043731382995e-18
1.2185739521995322e-8	1.5864676531567105e-7	1.6602555955174344e-6	1.3966542823866199e-5	9.43563633919117e-5	0.0005104616053409103	0.0021978664747493207	0.007458959479083271	0.01983088203351876	0.04295714535072656	0.08846495040960911	0.18090875635799678	0.2558417852460408	0.39316965298270823	1.4827065758725182	2.4928803340902865	1.6860935673288622	0.9361527006125764	0.75328248624047	2.3110968239997582	2.587519810418077	1.358570921844337	1.5779314437993979	2.36578242307767	2.0477626154451194	0.9788726296011105	1.5615573608905675	1.9179179904950578	2.0424146990305716	1.208723288193064	1.1390664735177742	1.8495961128881715	2.3722300794518203	1.8653442521643397	1.284111289717765	2.1463587642660285	2.57706318704387	2.224102173545596	1.616396139296707	2.278369491974906	2.667103545626008	1.396025730301246	0.6023188701990025	0.2656697382210146	0.11365083773586906	0.04349694720928351	0.014850500702111207	0.004545417541582766	0.0012272995370697542	0.00028430109629414674	5.505033265524946e-5	8.749010502269314e-6	1.1287953485398215e-6	1.1751793372647949e-7	9.840917714958457e-9	6.617336857272506e-10	3.569988773118014e-11	1.5444910864370711e-12	5.357119202962538e-14	1.4895198258942066e-15	3.31969723609257e-17
3.632174751118295e-9	5.200864994586326e-8	5.989509156630742e-7	5.548677693696177e-6	4.132891531958598e-5	0.000247001524529928	0.0011788340346816114	0.004454915952859881	0.013195364073168583	0.030843761265335605	0.06281738212761005	0.13420567408047548	0.2458417925275029	0.28086019594891826	0.6282262343338617	2.7723175121328976	2.3112699001898456	1.2906306426772638	0.7802283683895519	1.7379956200176954	3.9568859181374774	1.633162743299878	1.952214580624195	2.787539185402963	1.9022436134073781	1.058543064683353	0.7820952815498977	0.7991834298237733	2.819647337853817	1.8871053872511414	0.8551346811589344	2.807594553825725	2.5990555122426784	1.8910065378728422	1.217230109221049	1.1940530993907383	1.9690815653888312	3.1893743045262655	1.9450007917564542	2.1618177092791346	3.190338661651075	2.040130401322184	0.9443707099300634	0.4448085820089717	0.20647696408391417	0.08503407563362823	0.03100197649543033	0.010144331426820207	0.0029414496901586564	0.0007355726697716532	0.00015441749485268006	2.6675545118574603e-5	3.7457575304785623e-6	4.2464078833337827e-7	3.8727140539317185e-8	2.8361822623308975e-9	1.6663991837609788e-10	7.851389500280343e-12	2.965727099622256e-13	8.980027970624446e-15	2.179498600688945e-16
1.0417825070934978e-9	1.644490488527122e-8	2.0884874410776225e-7	2.134388275782888e-6	1.7549185392053865e-5	0.00011593022284340925	0.0006131617523844872	0.0025791904021224502	0.008545940539945169	0.022253872287204022	0.048688485440469116	0.11162267932279174	0.2570246035668089	0.3616952342942758	0.14311635847488852	4.5993225333251635	3.325416339095782	1.742020566110557	1.312127620386877	0.5869167871386601	6.612927941150546	2.1332734922489034	0.1920803071611438	4.961475909521513	2.288016871935592	1.082150256784934	0.6065456022678816	0.19010217492845635	6.949677577569978	3.054067898430234	0.7606590211460513	6.380293973894319	3.549764431870526	2.1549781789392686	1.2933509864751171	0.8989642151869631	0.737624091994901	5.789987187701096	2.8169008484323816	1.597937301316866	4.879180136225098	2.8894044596647515	1.4411863468884696	0.7157645333140055	0.3620275762804954	0.1599281551140229	0.06131368742981201	0.021181335663769386	0.006545879936407982	0.0017575666443851935	0.00039850867512814724	7.465842508041083e-5	1.139528438421516e-5	1.4057583876826682e-6	1.3957805587789858e-7	1.113088184360724e-8	7.121887451711701e-10	3.6541766058730814e-11	1.5031442404421268e-12	4.956458646939856e-14	1.3100040517797558e-15
2.9018747370781834e-10	5.0563672948562365e-9	7.087956777298983e-8	7.994715796618079e-7	7.255147638811846e-6	5.2928076619266465e-5	0.00030965669771763096	0.0014457175557409942	0.005344347351790905	0.015560344441450298	0.03725145347883062	0.09092483403636473	0.24755694452035362	0.5203942706400744	0.49946253461154105	1.3390181010636864	4.48911989336079	2.0111820375461313	1.7833067038513026	1.6614693505785776	1.9371056581694546	2.3313080993201107	-0.5062681428338724	10.442449111553131	3.3673723441490986	1.18852054452869	0.6470432826423166	0.41282301498231533	0.6786531411572244	3.6011715377663354	1.4601111934852566	1.5502006518136917	4.2253934889002505	2.622640305354595	1.5541857810590156	1.0084809789468991	0.6231595738576391	7.671888470582302	3.8735208589624555	1.489405566214154	10.883220030890598	3.8058451002148734	2.127315567423373	1.1414867291872448	0.6246928019208786	0.2966450502200947	0.11702587072433641	0.04161759533987512	0.013543805362423922	0.003881861161686368	0.000946991408691886	0.00019193026919362625	3.179818659616678e-5	4.265502924364741e-6	4.609201173313398e-7	4.0017400806189265e-8	2.787997481442379e-9	1.5577258669453902e-10	6.9777573865032575e-12	2.5055515576606665e-13	7.211435107047835e-15
7.874869736759206e-11	1.514173837788126e-9	2.341218792648211e-8	2.9113173646547296e-7	2.9114471118166517e-6	2.3404111623039413e-5	0.00015099926757576802	0.0007792547320434269	0.00319777452897177	0.010371624947189007	0.027164271665629087	0.06820635016127481	0.20112045911915452	0.5526689564683953	1.1113394075189944	0.6711699444624989	2.5472605165769386	1.9543796207369362	1.5483845853498663	3.189335023540151	1.896867681008836	1.7810907238607374	0.6768170894922887	1.078785121329834	3.583108820050674	1.3904883290516659	0.6977074943502737	0.6304878566408464	0.747221054550987	1.9380575331095728	1.7296335045788729	0.6629587698008559	2.4253068245916	2.7279796213487044	2.00819813596753	1.2849940378698215	1.1708031573569877	1.669444478556245	3.5504251511492506	2.18927580446023	2.0113950058918686	3.645066879842173	2.7797854690125283	1.8097505007560626	1.0700346956880964	0.5506619094320335	0.2219824318993751	0.07821583575296019	0.026160962432477265	0.007937226823808366	0.0020747994284639713	0.00045371335133050094	8.146490571239056e-5	1.1872776811827017e-5	1.395622907136985e-6	1.318886228987011e-7	1.0004159099218171e-8	6.086363397554562e-10	2.968806053290165e-11	1.1608518139530743e-12	3.638361992583577e-14
2.073137304637593e-11	4.3910160397125535e-10	7.473895668792331e-9	1.0223484336779376e-7	1.1238990694378517e-6	9.92731607613162e-6	7.03926737234369e-5	0.0003998244693761966	0.0018116313236797362	0.006512599147512753	0.01869322407553953	0.04760017500474073	0.13922341519862955	0.4148279565313432	1.286014169411072	1.274997566959034	1.1878992997436424	1.4985694835056254	0.5334858128656513	7.475376548487496	2.753216471556553	1.5526253164880561	0.9476220323830558	0.5728284857916944	2.018094152996358	1.3685837496434554	0.6897895684502388	0.6767241843997946	1.2697556858687058	1.4043179416442775	1.4345382113770566	0.8299508065569794	1.044685048577758	1.9869061562983465	2.4708641710124586	1.7535398300374638	1.4011778745097523	2.1628045539649365	2.728962122197154	2.338841651821489	1.5862319317385112	2.2911357038869786	2.8876542421279425	2.7056989718972746	1.804571978540695	1.0048988289416854	0.4225244643352038	0.14415694838443122	0.047649185956530345	0.015067200196374288	0.004199047850078933	0.0009879397274557954	0.0001919042261034362	3.0356496613635135e-5	3.879756307786941e-6	3.9897595022586913e-7	3.2945189723148336e-8	2.18231251085853e-9	1.1591023498317182e-10	4.93528409757268e-12	1.684391335206317e-13
5.242753464666986e-12	1.2201252042751732e-10	2.280291753653989e-9	3.4224044880835865e-8	4.125193804488786e-7	3.992992426530592e-6	3.102411911946256e-5	0.0001932378924609165	0.0009623101755399454	0.0038154019830977915	0.01203372136801263	0.031660044299887856	0.08628395065221378	0.2602652050077955	0.7414511308801686	1.338309320085448	0.9404644836328587	0.9913010598875843	0.5983235169553777	2.67172167158085	3.233253195687048	1.709355263440328	0.9033813417668326	0.5540422776017262	0.8863687726558639	0.9823058342841932	0.6069508067446057	0.5652879217815243	1.2080618136219796	1.6372050261771254	1.138938332061477	0.7499672597694029	0.5802906271422952	0.8532175210665893	2.6984257341919387	2.5894682290981463	1.3137296299916772	2.961841339227678	3.0131170210030827	2.326238489235874	1.604458757433446	1.4730691709840065	2.094912668356081	3.852037791137554	2.8358723213527095	1.8120933825662553	0.7762176603180271	0.2628553352386187	0.08311939053055603	0.026700645294534853	0.007872924117409424	0.001986653862468486	0.0004166734008441712	7.145825715817165e-5	9.923743445967614e-6	1.1101535313008537e-6	9.977659658536288e-8	7.195512404815848e-9	4.161244477579019e-10	1.9292657079609107e-11	7.169867485134622e-13
1.258548671024959e-12	3.210154142779601e-11	6.571462971482929e-10	1.0796644302565909e-8	1.423735365247091e-7	1.5069273499494718e-6	1.2799786334950342e-5	8.719040634918592e-5	0.0004755450640523917	0.0020707086177645627	0.00717861047658041	0.020107907099394213	0.05135312231619823	0.14568125237666932	0.3817204811074787	0.775147272136786	0.7607570002820562	0.6806455770321933	0.6448492825077551	1.0097464711247803	2.5121133671966276	1.8460891359480782	0.8992294461401644	0.5053642045387684	0.47388491977323005	0.5736709237818677	0.4626256486514451	0.41731583719970716	0.7182750378727721	1.3993306150297458	1.0064098780227921	0.6459993536135156	0.42940008176397965	0.340761793422024	2.63995247683854	4.065392201565412	1.6399816705032153	5.235985346049515	4.104084857139654	2.600209225389867	1.6977082563567265	1.274631559657381	1.0331631776320314	8.333092454109027	3.8968211841028815	3.0754989416846725	1.3258632195277946	0.4564894142993765	0.14005950963514985	0.044551255699252196	0.013738976481643387	0.003704284855356742	0.0008370943335753516	0.00015543744534236262	2.3438640617560476e-5	2.8512562096369654e-6	2.788634106907668e-7	2.1891762068768142e-8	1.3783687685548003e-9	6.958056657621334e-11	2.8156245012332256e-12
2.836586475553101e-13	7.913303671425914e-12	1.770936166256457e-10	3.1793663464811634e-9	4.579263237764413e-8	5.291705486056242e-7	4.906054007332632e-6	3.648194207665164e-5	0.00021739581195046837	0.001036268219782605	0.003941413325221092	0.011987516668266321	0.03053244220070206	0.07695624513883317	0.19769732975847717	0.39710419543152903	0.5105579161993982	0.47699689679727875	0.5127900723507663	0.8372357995667961	1.9015283568625827	1.8136029425148954	0.9470698261768374	0.4727081575013461	0.3262162683748105	0.32980979992672127	0.3096528259991135	0.2820240991821408	0.4162825789724689	0.7751087425251326	0.8376474690461324	0.5939623162432721	0.4066879543344012	0.37559492127120714	0.40441381580653146	5.253141561101188	2.453297318306619	1.1710332383234259	4.923354591883435	3.025701842716549	1.9654244463489776	1.381709411276624	1.1171930121873688	4.2646351595968435	4.587515860788006	3.222549160402691	1.9099743691663975	0.7043857059379088	0.22405500503341655	0.07055002239748677	0.02247567690526615	0.006444348505931124	0.0015654264881131276	0.00031427098797500884	5.14117948351965e-5	6.7976132272990295e-6	7.2327943679915e-7	6.179913345376794e-8	4.235879259058622e-9	2.3280038896865696e-10	1.0256686008870032e-11
5.951019815136555e-14	1.8129926615354933e-12	4.429416039827745e-11	8.6786330574968e-10	1.363746628457615e-8	1.7188058722457537e-7	1.7376192876100408e-6	1.408909908759231e-5	9.158684635884336e-5	0.00047683206420356944	0.001984901785098411	0.006599668713182637	0.01774743098839011	0.0417467974132411	0.0974250037354801	0.20150818841662646	0.2967844510578411	0.3150868832106452	0.36412126234014486	0.6128300738709319	1.5269238398919178	1.8779898665738841	0.9920113890485635	0.47011128190437323	0.265835726572296	0.2060016328200118	0.19068424523891409	0.1786582343070398	0.24234377771150212	0.42969326244415834	0.6031402799016826	0.5803546548527884	0.44745037042514885	0.42504338246249085	0.8065199160717271	2.223988272811039	2.6614016527608255	1.2516106567702532	2.2323010677172728	2.925168141257243	2.3819695318946157	1.6552020922887287	1.4649068263817484	1.870217505984385	3.595937567407375	2.9255979094195417	1.9744682459085332	0.9131918331635517	0.32703074349352174	0.10609708475934548	0.03480181620979591	0.010558998093992859	0.002749957292821662	0.0005958989032844269	0.00010565163751456556	1.5174275326811413e-5	1.755924904426532e-6	1.6325939414508525e-7	1.2180123943225504e-8	7.287157225724103e-10	3.4952068618866935e-11
1.1550198823809831e-14	3.8387150531159396e-13	1.022908437703383e-11	2.1854944094185814e-10	3.744073108080367e-9	5.143423495511475e-8	5.666424765124093e-7	5.006436142368816e-6	3.5469097569902836e-5	0.00020139989182025306	0.0009156430127528896	0.0033292843177543706	0.00970271533514856	0.023243164834201892	0.04968583646836298	0.09854782521500763	0.15797868748772417	0.19192373515803954	0.23398361420956146	0.40345629190301324	0.9063529335810432	1.7491988235245544	1.0098904309117922	0.47564232510855947	0.23889248343648262	0.14677750277643786	0.11570313597093113	0.10873027479283227	0.13876423310565758	0.24480728681312552	0.4083434281205062	0.5550758476680066	0.5842519917900396	0.4103042301463585	0.9773939329340038	2.0323772395005197	2.3486514844982347	1.5326457394832933	1.1940010041584044	1.9854684291672595	2.6663103564693804	2.1767168034630044	1.5772240994859081	2.384330003979674	2.884309322271489	2.606636874116066	1.7689626159918543	0.9951621175967148	0.42472720159607813	0.15069751088797317	0.051585932777329604	0.016511480799425205	0.004596939372793157	0.0010731205018252058	0.00020595389193392856	3.210910383845527e-5	4.039149891338004e-6	4.085460030386021e-7	3.316980905854384e-8	2.159970328762692e-9	1.1276998186831611e-10
2.0654145129225866e-15	7.483460094073256e-14	2.173668524520881e-12	5.061579614482629e-11	9.449228488205868e-10	1.4143308599070117e-8	1.6974076852185548e-7	1.6335613414923309e-6	1.260669293195842e-5	7.800189227939115e-5	0.00038675702043787996	0.001535643557411399	0.004883123780295564	0.012519536479274836	0.026723784415084866	0.05022333914607673	0.08216074921426203	0.111027666803143	0.1427113264332656	0.23928797674751132	0.4925364265874032	0.9589462648461574	0.880698007251138	0.46242122195789104	0.22116948007504694	0.1182575638370325	0.07538844664910391	0.06519127391885705	0.08177322400187668	0.14037477493909895	0.26419048264212364	0.4782202882692875	0.8260493822003255	0.5632356322837149	0.4916539907583452	2.7572807736419134	2.481119094073557	1.6239914676616765	1.0066492814113075	1.0191661989719158	2.477850208113824	3.1239849622834734	1.657992567994683	2.8937497406159456	3.452090724652036	2.5469722157480366	1.6719489484604533	1.0122530461382482	0.5054110112571538	0.20331279435636743	0.07419213177915837	0.025054862744003543	0.007432808352900069	0.00186466849970144	0.00038677810188488996	6.53950845012415e-5	8.937917664526447e-6	9.831528560487957e-7	8.684619901561347e-8	6.154239075699058e-9	3.4968838914156656e-10
3.393893577714956e-16	1.3400079298304684e-14	4.2410653222169727e-13	1.075984119186643e-11	2.188325594275436e-10	3.567914509668683e-9	4.663853734751068e-8	4.888115349196419e-7	4.108042285267096e-6	2.7683552205296726e-5	0.00014956551173176452	0.0006476343277815929	0.002247472567081107	0.006263911094909891	0.014179013277143293	0.026881232255466434	0.04413241377241436	0.06338919784615038	0.08569333401239816	0.1344864006741404	0.26490424221621495	0.48830990043270855	0.59592563069139	0.3997915531399727	0.2003002645043066	0.10126660594900541	0.05533881745241406	0.04025548238900648	0.049144375155645785	0.0841742571698587	0.16525389101921756	0.3550812306622859	0.8633909703875379	1.1651646604144499	-0.0614199833086616	6.791294134074613	3.2014678605782914	1.8828206196690354	1.061878668825195	0.7130434123915411	1.2338884502324436	5.254869238872569	2.298197029646234	2.79078246912042	5.1061194338892	2.9987690452854285	1.7873893325143122	1.0906306882065084	0.6016278676437133	0.27052716343171745	0.10562079437519672	0.037555385043369666	0.011822627463551815	0.003176961275749489	0.00071069614678203	0.00013015158585458217	1.931377791938331e-5	2.3094725323003646e-6	2.2190251907171635e-7	1.7109090378492156e-8	1.0578673952306069e-9
5.116144969146367e-17	2.2006515475479857e-15	7.58743354125974e-14	2.096898099193195e-12	4.645230276781082e-11	8.248987893112848e-10	1.174310558701087e-8	1.3402600760022098e-7	1.2264750887029864e-6	8.999613341504131e-6	5.295308947003384e-5	0.00024982999904229607	0.0009452322114194949	0.0028713488021075467	0.00703868651523308	0.014142018967909975	0.02402544164908274	0.035978065733390324	0.050733357729696636	0.07610267104435427	0.1360671228593582	0.25045329255136045	0.3458460479111841	0.2936582766345914	0.1687656624185535	0.08695427901422716	0.04455855746595729	0.02688887446919296	0.02947208811744076	0.05156951958246089	0.10158907152395083	0.2315366508164571	0.5707388125186262	1.469720599144335	0.39533784794034793	2.364318524875329	3.7862047683677855	2.3156725846078996	1.3097277038508304	0.8198263970206451	0.5434302868330958	5.80248659190962	3.0723914712550977	1.2890954826034227	6.141652769216807	3.5776829671850194	2.2109762316474124	1.346381235118191	0.7862405531714426	0.3796763688605315	0.1537479512630452	0.056528827572272324	0.01872845164893885	0.005366373909825932	0.0012909382728993437	0.0002556293359828586	4.114874912165291e-5	5.346368921364542e-6	5.586273877721935e-7	4.685639292502576e-8	3.152336691568128e-9
7.067991918492048e-18	3.311566348020025e-16	1.243631189589141e-14	3.743459128905623e-13	9.032003781469962e-12	1.7467722214095194e-10	2.7080016544688547e-9	3.36551057854761e-8	3.353364667558964e-7	2.6790607661577977e-6	1.716327864410478e-5	8.818269160141183e-5	0.00036345562021713736	0.0012029219682840782	0.0032077034031598654	0.006958820393030676	0.012571248187270947	0.019769357523342884	0.029019928477492307	0.043381475864739234	0.07103923807839704	0.12375913162203737	0.18336676507196495	0.18616817962447968	0.12813626548980994	0.07197767926139768	0.03717225127579339	0.01975092126266384	0.017776840061311118	0.030925192096900502	0.061898775207047486	0.13629260727747522	0.32812565917936554	0.7535460957423562	0.678339758951441	0.24826804520827186	2.29196968746261	2.447438559308027	1.7612261392603124	1.0417412686022842	1.0814520313237648	1.8855413478120406	2.9277621772818216	1.766003903775615	2.1650503093797178	3.312076126472373	2.758514083114369	1.8899096224104333	1.1536347403405451	0.5893802542684399	0.2385338083703953	0.0868255316887988	0.02966698434202921	0.009000051630723312	0.0023195221990306098	0.0004955321142962645	8.642200699929995e-5	1.2193641953987264e-5	1.3851729266139781e-6	1.2638496979012443e-7	9.251527756659355e-9
8.943037539765454e-19	4.563610817364534e-17	1.86656853172519e-15	6.119175489879684e-14	1.6079028317702914e-12	3.3865136765013135e-11	5.717236624452229e-10	7.737171680160287e-9	8.394093105112405e-8	7.301378930736457e-7	5.092511792607486e-6	2.8486190380147033e-5	0.0001278394091776823	0.0004607094115582634	0.0013368400759925583	0.0031462268838913184	0.006115727381407686	0.010212098497427734	0.015685313737772443	0.0240197639278841	0.03830717667217123	0.06254277260277605	0.0935251067725397	0.10740741694467493	0.08804324048064066	0.056155142586413714	0.030713933914304062	0.015547550167315054	0.01111706588428214	0.017803623897645948	0.03709343759640657	0.07720315392763938	0.17815470385080392	0.37754219125395816	0.5086868527216715	0.3523593521839491	0.8495637267876173	1.7376419055666998	2.3185534468930875	1.4233120837543034	1.225110193167922	2.209154103897488	2.4965106825179673	1.9035527641882595	1.4644580372004767	2.1667466002551383	2.9853949828259116	2.7391627313348823	1.823501877792857	0.9833904221508131	0.40044047388536824	0.1383635339387111	0.046911530503965626	0.014869879737772113	0.0040859972316740194	0.000939186124702708	0.00017719334194089576	2.7129539357472168e-5	3.3495881332940743e-6	3.324264990551458e-7	2.6477787592394024e-8
1.0359614568766293e-19	5.757411507092986e-18	2.5645857610887134e-16	9.156188516293861e-15	2.620129137797373e-13	6.0096174095974835e-12	1.1048343729615218e-10	1.628135035294062e-9	1.9233243274461276e-8	1.8214695017081256e-7	1.3831021426445367e-6	8.422396088074369e-6	4.114592114551705e-5	0.0001613993727251718	0.0005094943910427283	0.0013020245754659285	0.0027341049036297828	0.004880480242553661	0.007893820561638266	0.0125455175181934	0.020394836731757068	0.03285316198375179	0.04876066240716301	0.060007073689029196	0.056423410124634206	0.04106507404373038	0.024456310972380067	0.012550538453030115	0.007418620021430105	0.009887762544532065	0.0213807667180422	0.04458012020019448	0.0924990329631757	0.1928584683376646	0.3070539012183372	0.3058054544841804	0.3641478397814836	0.5301681751006068	3.119741868111167	2.1986540103493555	0.8936024769866729	3.20309085695258	2.851805359331862	1.9711711673948589	1.3385745694458	1.2842069535628937	2.5482090107806155	3.965957608223508	2.811289742072715	1.703219603782007	0.6883204517109666	0.22875758113459474	0.07390709419114773	0.02392261400391752	0.006960396424690488	0.0017158009282305423	0.0003495357607900119	5.801669911365198e-5	7.78214857689938e-6	8.399668051613622e-7	7.279871257692676e-8
1.0984256295652501e-20	6.648117915681653e-19	3.224999567796956e-17	1.2539041807563472e-15	3.907551845023748e-14	9.760110161015322e-13	1.9539851704893597e-11	3.135569098856796e-10	4.033292204441997e-9	4.158936024100785e-8	3.438213194736497e-7	2.279250522540112e-6	1.2120263562887951e-5	5.174045004825814e-5	0.00017765802367070705	0.0004930996339269826	0.001120267470922164	0.002145403134581405	0.003672199675156419	0.006095124425863704	0.010292500461901052	0.017093193108655227	0.025933942422723944	0.033482890708588134	0.03467583131881002	0.02827175410759919	0.018484149644755917	0.009987421046755686	0.005293618519760455	0.005426024623558083	0.011635503777507479	0.02583640972222799	0.050988556428892065	0.09702957432984062	0.1667162355272159	0.2281023346026548	0.25765342596025304	0.10575570443701164	6.577808045444181	3.5168902484614524	1.0055973694128455	10.165828957606243	3.8969919667673576	2.3146248965915235	1.4215152361322114	1.0516549478260309	1.175669708413617	7.6270109171755225	3.665869276606219	2.8692608568215783	1.1164261550980992	0.374325951047579	0.11530767396709574	0.037112877484444744	0.011315830780254417	0.00297986312277311	0.0006539916792850416	0.00011753213493092223	1.7117502998231346e-5	2.00890907860935e-6	1.8944244519803303e-7
1.0658718285934418e-21	7.025348993113125e-20	3.711347594217162e-18	1.5714361270956027e-16	5.3329131800238034e-15	1.4505662211126804e-13	3.1624280701410756e-12	5.526144479623279e-11	7.740279695100564e-10	8.690561233357496e-9	7.822321580133785e-8	5.645338489671794e-7	3.2677264081125264e-6	1.5180941529961855e-5	5.669789426805142e-5	0.00017095214581953026	0.0004205718409881624	0.0008660546851756654	0.0015744139553314062	0.0027392758054724043	0.004833682640524975	0.008429878905187092	0.01344577495511242	0.018354085912990724	0.02052167344873966	0.018369895161960144	0.013147278013812175	0.007622311562604143	0.003920703272411034	0.0030516294160696945	0.0059543517046534815	0.014339123532522579	0.029867550744034844	0.054193075634965684	0.09137147897394009	0.1541536917617747	0.2600156154304614	0.3286380070069342	0.5456691091387882	3.7989556249511756	1.759002932432573	1.4658578914721507	4.40741725968054	2.8045002931851983	1.7245562941103079	1.1641611915866892	0.9483591673982785	5.308578204332706	4.058143447234975	2.9308918997958124	1.5417972384542475	0.5569861756314005	0.17371156821771178	0.05511219350473042	0.017391472934965145	0.004868144155668745	0.0011479225534814668	0.00022301030334945801	3.5235616356867445e-5	4.494615646000023e-6	4.6110913525569306e-7
9.464757331807535e-23	6.793624145484083e-21	3.9083466796007724e-19	1.8021234839357697e-17	6.660038965412943e-16	1.9727473400240444e-14	4.683514394584409e-13	8.912176437210451e-12	1.3593067582013525e-10	1.6618461138467464e-9	1.62867755026871e-8	1.2796993219152854e-7	8.063509492566174e-7	4.076968330790841e-6	1.656377122854498e-5	5.4267051945221224e-5	0.00014467832827797696	0.0003209087517632373	0.0006213797285877452	0.0011363469693482689	0.0020991123697024607	0.0038638803104175945	0.006559757481798591	0.009574085094698736	0.011528726755684036	0.011214704609905339	0.00874536397589933	0.005483945646974649	0.0028911251051996815	0.0018138471734672607	0.00289707467420746	0.007414924328347996	0.017193583065167353	0.03333254708435808	0.05693402144812094	0.10356084627740605	0.23645865063242943	0.4908372617537739	0.8082814472015581	1.8401008531677556	1.89322672407275	0.9502409972573632	2.393405529413589	2.8140196153411092	2.2281030670584823	1.4291417688016166	1.3780092569364086	2.0393831327824943	3.32822940105407	2.5247912711786555	1.5889082044498453	0.7021178520527035	0.24132629347956341	0.07753920433626882	0.025129425812991775	0.00743263505760565	0.001876783481891046	0.0003933352230447506	6.73430884257491e-5	9.331305201872671e-6	1.0411983151522862e-6
7.690626335648878e-24	6.01145200626002e-22	3.7661343324281344e-20	1.8910857384001947e-18	7.610727604357706e-17	2.4549452417445827e-15	6.34687966340092e-14	1.3151809813084e-12	2.1843629230574253e-11	2.907978187801139e-10	3.1031913020070714e-9	2.6547466433187637e-8	1.8210835616809146e-7	1.0021734539470223e-6	4.429759519464031e-6	1.5774417189403532e-5	4.560581685819691e-5	0.00010912447502775396	0.00022562631948683573	0.0004347267975753906	0.0008411826925818717	0.0016351532738964503	0.002965399994168656	0.004654467889599322	0.006051625794016467	0.00638202696399399	0.005409708330963782	0.003680562902680722	0.002051129131427792	0.001140328307948171	0.001374146862278241	0.0035508533620239196	0.009250019856250584	0.02032834762937864	0.03818396976995056	0.07166199776318134	0.17968156047532682	0.4778734551211145	1.2342145512960172	1.4275749876310315	1.4917484312785498	1.0093065640714354	1.1543467243968852	1.9366418280956694	2.7424827401126732	1.9475441174638748	1.4262691023098555	2.5205498263663784	2.702455520747768	2.1787883988509082	1.3908749221122427	0.7398656554024415	0.2972102000494712	0.10177445125025206	0.03403414742373263	0.010575683125676987	0.0028475981803989543	0.0006420836233255831	0.00011893339905739689	1.788628513629799e-5	2.1697263389194367e-6
5.718051845626235e-25	4.8673133546532215e-23	3.3206935269440416e-21	1.8157945601750844e-19	7.957990399302213e-18	2.7953721285538846e-16	7.870037397214101e-15	1.7758962959163224e-13	3.2119374580959845e-12	4.6562326164905936e-11	5.41051313450631e-10	5.03981633955999e-9	3.763925632632041e-8	2.2547370756139636e-7	1.0844664063706977e-6	4.198689865394582e-6	1.3172119877274398e-5	3.4045674098033134e-5	7.533922667193307e-5	0.00015329985260130095	0.0003108414740937636	0.0006375277163934015	0.0012354549005267415	0.0020896802428394833	0.002939740305065576	0.003362590764579707	0.0030969333645550863	0.0022893012797547065	0.001369829999967654	0.0007349932983617329	0.0006582808109551099	0.0015828374140475548	0.004584854945052668	0.011567622330335243	0.024854311643830774	0.049423462368615376	0.12015220546136743	0.34474988567278714	1.0409956602682682	1.6576821874579433	1.1581854636881705	0.8633293593198561	0.7304041798771386	0.8681787434109693	3.461208825834931	2.9745320714376144	1.2415556831738446	3.8656971367479387	3.1436773921607486	2.0403901829520454	1.2248665293718317	0.6966778873848906	0.3243925211725783	0.12318043944950638	0.043152237688991124	0.014029979467167462	0.004006988917472111	0.0009684761178464809	0.00019364058319188746	3.156632877415084e-5	4.1601355830673935e-6
3.89009679308499e-26	3.605984906810452e-24	2.6790781392275354e-22	1.595309439588619e-20	7.613823380027552e-19	2.912456499309678e-17	8.929267313553615e-16	2.1941875615951925e-14	4.3215218969157654e-13	6.8219970332592204e-12	8.632006132748407e-11	8.755192652451794e-10	7.119282791915091e-9	4.642708117289617e-8	2.430180044492457e-7	1.0232465285843282e-6	3.4853378740271185e-6	9.74255036621242e-6	2.3123211529731646e-5	4.980925257190942e-5	0.00010589577234289105	0.00022884176832000194	0.000473440235216862	0.000863282184615927	0.0013154126653764846	0.0016332451124127518	0.001634894985569352	0.001314100783263661	0.0008505922646793214	0.0004663339924349927	0.00032861485676562326	0.0006650334530894138	0.0020941678574861156	0.0060471718663809675	0.014971510485719071	0.03267986001821556	0.07511633173033685	0.21235670867987722	0.5735476822000687	1.2444966102298358	0.976674146851508	0.696042934793775	0.5852987827186091	0.5425834891137168	2.607674695542349	4.907431924793064	1.7471765171910485	7.528431101201118	4.367774150209815	2.3171036769132902	1.1845583830469797	0.6468282786010289	0.32808204599606594	0.13829727888427723	0.0513660839149484	0.017421891833331107	0.005241727611251786	0.001350830070484992	0.0002905551622759058	5.123962222513426e-5	7.328429058141441e-6
2.4215514645477876e-27	2.4444362502702318e-25	1.977705078284063e-23	1.282455209678486e-21	6.665318325547198e-20	2.7765014618877807e-18	9.269874638852798e-17	2.4805614434976223e-15	5.320209398898718e-14	9.145658407320178e-13	1.2601403862666953e-11	1.3917548446515246e-10	1.232245338408003e-9	8.74872627114737e-9	4.984417459902208e-8	2.282997705939882e-7	8.447131794573626e-7	2.556307108445915e-6	6.520063477551542e-6	1.4904705904278128e-5	3.3254979698109785e-5	7.561076125637318e-5	0.00016674196946950655	0.00032763343831250665	0.0005409240073421142	0.0007294350883547165	0.0007939220953856685	0.0006942133068071656	0.0004877894639320159	0.00028215181537834087	0.00017195894142963807	0.00026871586214738223	0.0008853106974345027	0.0029044226131986475	0.008253075804871203	0.020194817534669333	0.045941906300929126	0.11834858053049335	0.3084817945766058	0.6421528598408343	0.735737553245674	0.5548844448776235	0.5143275444642421	0.6096131098119301	0.6039965169843128	4.297438394694148	2.448122025310668	1.2991653613987126	4.282519465408416	2.7465743873229176	1.3447729403985746	0.6468046150172343	0.3274973205016762	0.1478209964241557	0.05801170833598456	0.020422069294753507	0.006414108838188212	0.0017487362092843326	0.00040251066726310406	7.654393265835642e-5	1.1858746894095527e-5
1.379256298245801e-28	1.5161809709273275e-26	1.3358410966430246e-24	9.433140255058674e-23	5.338947013545022e-21	2.421881883187721e-19	8.805393066651628e-18	2.565924145843063e-16	5.9929391214126945e-15	1.1218646741851466e-13	1.6832683032727922e-12	2.0243979388823513e-11	1.9516828755842796e-10	1.5086728404016652e-9	9.356492498290566e-9	4.6627480394849655e-8	1.8748615426243563e-7	6.148113142183391e-7	1.6881367245974735e-6	4.105383342401892e-6	9.625148183362011e-6	2.2995904639243807e-5	5.395385965095937e-5	0.00011413691062626456	0.00020416587503671146	0.0002990967357858484	0.0003540631689907149	0.00033690008539707933	0.0002573913009463528	0.00015967279455335277	9.20378764838335e-5	0.00010729060026947249	0.00034844567342748783	0.0012857450857692368	0.0041641667266043994	0.011491898659184792	0.027511069504722662	0.06441586905816371	0.1602096300489265	0.332512368446559	0.4630153480073308	0.4201928460852577	0.42580615390397747	0.6557710532761948	1.0708944564935903	1.720681346969507	2.262339497580223	1.3911854196007196	2.202998856575785	2.8220509959217903	1.6506025805679527	0.7309368919467678	0.3396097310908236	0.15537499502338117	0.06329765729090951	0.02291763821560146	0.007424854995240646	0.00211741677355905	0.0005172071954495754	0.0001054963698421643	1.7648611689311078e-5
7.188071872253347e-30	8.60476971128877e-28	8.255886613249925e-26	6.348715123191385e-24	3.912962390015269e-22	1.932962158922957e-20	7.653131062082039e-19	2.4285868808160093e-17	6.176864114936046e-16	1.259171801055726e-14	2.0573603815046782e-13	2.694374678576722e-12	2.8285338900678056e-11	2.380702437476676e-10	1.6073413744818708e-9	8.716604191033059e-9	3.810235427090685e-8	1.3549654426073074e-7	4.011425168695322e-7	1.0402858945148693e-6	2.567025421534825e-6	6.438285435352219e-6	1.6038339260347132e-5	3.6481669399816365e-5	7.06764642532776e-5	0.00011248688432576689	0.00014485000010702712	0.00015001009479780254	0.00012470860225142203	8.36351481124482e-5	4.855742562547195e-5	4.3498727760107456e-5	0.00012862153452322133	0.0005262254359367171	0.0019279425915348465	0.0059854121220755795	0.01564035282107334	0.035927693291967544	0.08081770413649406	0.16925157836160618	0.2644143419899788	0.28816905410883586	0.3188093293451563	0.5638987217052451	1.329005140555449	1.7105118060518427	1.683211006815211	1.3297942922025814	1.4081228255239464	2.436532898941998	2.050533390743432	0.8998686321790778	0.3761179529140288	0.1645321704542884	0.06801958412291882	0.025076832569695586	0.008271086202314487	0.002430280469571439	0.000622025828158049	0.00013489169806641874	2.4232486900857518e-5
3.4276377114811808e-31	4.4683003733320616e-29	4.668607837578711e-27	3.9095793561256635e-25	2.624039169235823e-23	1.4115891894429132e-21	6.086172395159315e-20	2.1031899273088133e-18	5.825214613306824e-17	1.2931429372398942e-15	2.3008424507067942e-14	3.281285552250976e-13	3.7509865984101015e-12	3.437652624073656e-11	2.526844504902673e-10	1.491373181496134e-9	7.089157982779994e-9	2.7356291959074787e-8	8.74432293866249e-8	2.4236367595859634e-7	6.306506946194138e-7	1.659493125049045e-6	4.379979667324166e-6	1.0696423916885452e-5	2.242909340734962e-5	3.877769360519242e-5	5.432100885756787e-5	6.123378681806753e-5	5.5412046629375536e-5	4.0328200039577545e-5	2.447757713791684e-5	1.8155288883372446e-5	4.495042453689939e-5	0.00019957675456689053	0.0008209692992041309	0.0028514154633705433	0.008229077518284987	0.019890603710953976	0.04252821976810974	0.08451394406714757	0.14132885651320604	0.18002977118063507	0.21812642814697766	0.39814495434880287	0.9947044057878648	2.206127974094768	1.3843159151932083	1.0774757016426886	1.008789855058198	1.6421617490544633	2.4306469226147547	1.0988718187827133	0.4385730610932939	0.1775708920677014	0.07286703364476863	0.027216618001577313	0.009055339899952077	0.00269736496259319	0.0007110099095120781	0.00016167186325252445	3.089410373163391e-5
1.495518595921462e-32	2.1230477904429114e-30	2.4156014740043135e-28	2.2028674960695298e-26	1.6100859595452242e-24	9.432078533205918e-23	4.4285702595568956e-21	1.6665476725427951e-19	5.026557571483899e-18	1.2151329647026895e-16	2.3544028799299097e-15	3.656373443515931e-14	4.551514079886847e-13	4.5420941154712994e-12	3.635031132674638e-11	2.3352367693762614e-10	1.207387124975156e-9	5.058618465755093e-9	1.7478927016504295e-8	5.188646068185251e-8	1.4266607675414107e-7	3.938087572018505e-7	1.0990219178560813e-6	2.8766074299331778e-6	6.523403432687422e-6	1.2248220704735734e-5	1.866427799095516e-5	2.2901767281281066e-5	2.256259169113816e-5	1.7852158247825252e-5	1.1556561675974407e-5	7.73093379326392e-6	1.5056039851546933e-5	7.025154123152999e-5	0.0003220179402251057	0.0012441304965900902	0.003966613192222788	0.010404248959214987	0.02287717557487918	0.04407013488226426	0.07479735220871281	0.10647765665745208	0.1405185566758742	0.24865031167179918	0.5673378550948266	1.2944727085286956	1.2040237344851978	0.8402231567247701	0.7214712890802215	0.9740027584452268	1.5669201923878018	1.1500491084453657	0.4981570272477876	0.19361663832164502	0.07788436262280965	0.02953344290445473	0.009921888322079924	0.0029648859425909376	0.0007900437431379428	0.00018479516425593163	3.7000733384550366e-5
5.970390342489085e-34	9.229775178270519e-32	1.143607689850081e-29	1.1356919999300638e-27	9.039442328282431e-26	5.766606565165958e-24	2.9484699663642526e-22	1.2082895095280248e-20	3.9686582165665627e-19	1.0447586151909982e-17	2.204401438753588e-16	3.727994031014792e-15	5.053456421952138e-14	5.491369475342589e-13	4.785033505099638e-12	3.3462585783829045e-11	1.882204166952863e-10	8.565893479629259e-10	3.2026844556639126e-9	1.0202008668535794e-8	2.9706162324322652e-8	8.60403817437329e-8	2.534104095695742e-7	7.095787391678002e-7	1.7385760424834787e-6	3.5437162862656482e-6	5.8735722252675865e-6	7.84491531027991e-6	8.414784196071084e-6	7.24455944979761e-6	5.053432417046504e-6	3.2734974613515776e-6	4.904916992736373e-6	2.2979453149351035e-5	0.0001164218568879139	0.000497862562069698	0.0017486754210383397	0.0050164745043723615	0.011824836347635093	0.02346009070055419	0.04048271406866684	0.061667010318372954	0.08755977283333762	0.14551015194929695	0.31579022491767267	0.6457318160230744	0.8462285009495819	0.650626291113142	0.5118655344888047	0.5952177322375346	0.8580497375828995	0.891294580906649	0.4968164860656697	0.20455381283345897	0.08207482101885236	0.03186792512039108	0.010944507155763209	0.0032893246278900175	0.0008757964576523973	0.00020650067780187558	4.243668933662249e-5
2.180858035799426e-35	3.6714380001902704e-33	4.953846446522143e-31	5.357305672377836e-29	4.643525857304682e-27	3.2258702347884966e-25	1.796153989337343e-23	8.015637071374593e-22	2.8670198673415675e-20	8.219065999983608e-19	1.8884943618928248e-17	3.477894854643911e-16	5.133820428904e-15	6.074782656064966e-14	5.763685957098367e-13	4.3878901485539565e-12	2.6854891922715672e-11	1.328052268334781e-10	5.377716140368137e-10	1.8414411081953622e-9	5.690886630496998e-9	1.730660190100425e-8	5.3703077280838395e-8	1.6055535386191996e-7	4.2455630319504974e-7	9.389989151470724e-7	1.6925540415268311e-6	2.4605696762580193e-6	2.8736307563807782e-6	2.6930244362010602e-6	2.0346961563403313e-6	1.3399118507359294e-6	1.5768848839018294e-6	6.994938331544878e-6	3.879603638781052e-5	0.00018287394042578971	0.0007055483748544102	0.0022144983802234695	0.0056689349868678345	0.012007468675449625	0.021703244392291477	0.03492009561670935	0.052852736040044083	0.08459307653534753	0.1667332563415602	0.3354623341480833	0.4972031637337342	0.46743314667762575	0.3643840183224093	0.3676958984602497	0.4831029212334022	0.5616767566423553	0.40971561889391744	0.19715037546107644	0.08320047610886742	0.03364614076007478	0.01203233463513982	0.0036958912513817047	0.0009867884505425223	0.00023179886926319308	4.786968277509901e-5
7.288961906785444e-37	1.336271996705825e-34	1.963457874191782e-32	2.312308872952432e-30	2.1825673229724437e-28	1.6511518564042447e-26	1.0011611754585104e-24	4.865401835686957e-23	1.8950970608827948e-21	5.916201798266397e-20	1.4803186546366725e-18	2.9687472625079055e-17	4.772110305027152e-16	6.14897848239124e-15	6.352545686716567e-14	5.265110349583195e-13	3.5066463518105454e-12	1.8849853194618903e-11	8.272954439079202e-11	3.0499231488226844e-10	1.0026138104419863e-9	3.2046667563129395e-9	1.0461894685999163e-8	3.332732167582684e-8	9.499235364149041e-8	2.2784768614005707e-7	4.4654492483275006e-7	7.065344900004617e-7	8.983857852653923e-7	9.16624450902756e-7	7.520839197527271e-7	5.186947762261888e-7	5.048917975685279e-7	1.986195410213511e-6	1.1911631902547474e-5	6.167565007748672e-5	0.00026075731206858877	0.0008944398910526476	0.0024932829301310302	0.005709418641990812	0.011028473144034122	0.018845754997726758	0.030339791117364498	0.049234833550828444	0.0878220954470747	0.16898596373401348	0.2702889638422796	0.2989273940142648	0.25308233282986037	0.2334282037774789	0.2728983277207852	0.3241169526167466	0.28379646468163394	0.16672072373321326	0.07876263117359551	0.03405497553982808	0.012921021825331211	0.004145273849562421	0.0011300076445134332	0.00026582811985615085	5.457987506969012e-5
2.2290381002171256e-38	4.450072114959958e-36	7.120559777191803e-34	9.131849752317496e-32	9.386440183554319e-30	7.732868593712115e-28	5.105966185234462e-26	2.7021715827918302e-24	1.1461615410949134e-22	3.896523286656229e-21	1.0617172253398504e-19	2.318701579029488e-18	4.058790769936441e-17	5.695016566275913e-16	6.406530597194619e-15	5.781035216647027e-14	4.1903801952596823e-13	2.449119702550182e-12	1.165776009891089e-11	4.6336087329605206e-11	1.6237686407070402e-10	5.462210567605486e-10	1.873879677299271e-9	6.3473593240159194e-9	1.9474340384924867e-8	5.062564773365031e-8	1.0785125275206486e-7	1.8570663404516047e-7	2.5708545725971133e-7	2.8560037683891875e-7	2.548125494471057e-7	1.8722926959233222e-7	1.6085101248358877e-7	5.282709582157649e-7	3.3680132296969576e-6	1.9096229203631092e-5	8.831696485204361e-5	0.00033070420294932127	0.0010039957611639174	0.002494153263183939	0.00519084890981066	0.00948266558748848	0.016259583562455358	0.027675280742570068	0.04796968296339235	0.08520331555858679	0.13871650762058768	0.17317518696455053	0.16557058912199318	0.15154550318098342	0.15901966429461523	0.18052964669286475	0.17534959709604248	0.12418345522963715	0.06825021801879105	0.03243719895682447	0.013269583434626121	0.004532514440961311	0.0012906494860799023	0.0003100998025006783	6.378376132111708e-5
6.237100990817663e-40	1.3559781625832023e-37	2.362762902403134e-35	3.299781031195222e-33	3.6935810611204276e-31	3.313658081603001e-29	2.382677854418021e-27	1.373158319719673e-25	6.342693717925251e-24	2.348146668598438e-22	6.967490750919852e-21	1.657031977987819e-19	3.158627361946162e-18	4.826198228022263e-17	5.91183576582047e-16	5.808224269060733e-15	4.5824010197441874e-14	2.9126507661810257e-13	1.5044886004228393e-12	6.455201512192439e-12	2.416428152713937e-11	8.568506661847141e-11	3.086577432396998e-10	1.1093921044607692e-9	3.65833510085005e-9	1.029985940857986e-8	2.3844768042631216e-8	4.467661946488889e-8	6.73337151145514e-8	8.144750198960263e-8	7.907116105545573e-8	6.249565300204722e-8	5.0420527000964615e-8	1.324896596224082e-7	8.766933343225496e-7	5.426412171930402e-6	2.7416326605342313e-5	0.00011197497919567426	0.00037015395614411773	0.0009985482640318874	0.002245795196793458	0.004402216939050607	0.008052124955136799	0.014558243007425451	0.026083521870117567	0.04502768696043809	0.07169724897658822	0.09561089615246066	0.10198777988423359	0.09733521250652774	0.09667788575171817	0.10279216433067696	0.10356909416002034	0.08439765536699809	0.05404170997534493	0.028719687319991343	0.012819017528479526	0.004724654710385951	0.0014323410338900422	0.0003597439802998285	7.571656250258285e-5
1.5968403621377419e-41	3.780522071324549e-39	7.173640056592156e-37	1.0910004115478978e-34	1.3298656827511043e-32	1.2992364166648377e-30	1.0173400813598454e-28	6.384718448837262e-27	3.2115532805391924e-25	1.2947523962311649e-23	4.18367235791904e-22	1.083505258419838e-20	2.2491327133669625e-19	3.7422458330499476e-18	4.9916461254827196e-17	5.3396852209094855e-16	4.585635158652883e-15	3.17041931105339e-14	1.7779589562371157e-13	8.244011762561331e-13	3.303035640839061e-12	1.2368397259654433e-11	4.6762366137348433e-11	1.779809162242057e-10	6.297848975111872e-10	1.9187908859549724e-9	4.825594425587394e-9	9.837077656270836e-9	1.6139812193501878e-8	2.1257278504551847e-8	2.246340475572969e-8	1.9200305370211566e-8	1.529185398069111e-8	3.162916240642466e-8	2.1009631163537897e-7	1.4146052882094754e-6	7.80003222611272e-6	3.472741443909383e-5	0.00012497089496362571	0.0003662347173733428	0.0008913155673871973	0.0018785729522743007	0.003669720752499848	0.007068671950022875	0.013433702263448916	0.023954715084531786	0.03830755938527441	0.052709037460734284	0.06048953094127537	0.06066766183868858	0.05934377509250641	0.060381066934151066	0.061035585240284414	0.05433524277267457	0.03952940930661518	0.023517289379698596	0.01152499731258913	0.00461961780969829	0.0015097797960126284	0.00040375990516081914	8.899024469756271e-5
3.740706617929694e-43	9.644157152717112e-41	1.9928400195744565e-38	3.300487718280997e-36	4.381081541602993e-34	4.661032052680175e-32	3.9744807613570385e-30	2.7162911311209347e-28	1.487887081554971e-26	6.532233950269995e-25	2.2985425875956544e-23	6.482537833220276e-22	1.4653667576306712e-20	2.65506799531861e-19	3.856429913789515e-18	4.4917807951560793e-17	4.1991714218296735e-16	3.158445444063792e-15	1.923814524847318e-14	9.64938521263141e-14	4.1455434397799516e-13	1.6424724764023652e-12	6.5173380637261425e-12	2.6216078480639924e-11	9.936768481187128e-11	3.2731935178384354e-10	8.939008486406571e-10	1.9822908418649567e-9	3.540417029968539e-9	5.0771707636692485e-9	5.841088799698969e-9	5.415308594124883e-9	4.4128078514169094e-9	7.268518760320898e-9	4.638781844525242e-8	3.381821516117895e-7	2.033390534428459e-6	9.864928080979281e-6	3.8640969829893784e-5	0.0001230459890258622	0.00032431758198641627	0.0007359610895460452	0.0015369041039759238	0.003154989787345359	0.0064028923670160776	0.012138525070342942	0.02029315819907098	0.028997139262355507	0.034990551018202955	0.036562211129994936	0.03576302461150563	0.03549179073532476	0.035798507771555	0.03365851322383068	0.02699055078366075	0.01780156719385464	0.009585560624846275	0.0041943188016132895	0.001488113281005915	0.00042875408749167357	0.00010070681891757876
8.017873576342384e-45	2.251076152366306e-42	5.065457738546155e-40	9.135761065361679e-38	1.320590893330899e-35	1.529992840973104e-33	1.4207185473398617e-31	1.0573634513109768e-29	6.307223850478933e-28	3.0154366271193463e-26	1.155476190909253e-24	3.548729249487536e-23	8.735582629579841e-22	1.723592397852937e-20	2.7261265695027264e-19	3.4573954351365107e-18	3.518667182026797e-17	2.879657360178022e-16	1.905771859729623e-15	1.0349045345946949e-14	4.7755921669323454e-14	2.0060861568987822e-13	8.357093567690128e-13	3.5463942921372923e-12	1.4371843362167054e-11	5.1131167424715825e-11	1.5156791240084855e-10	3.6557221821988274e-10	7.10699375854697e-10	1.1096912014123514e-9	1.3900068697468006e-9	1.4001406022210011e-9	1.195451160174918e-9	1.624560592534783e-9	9.45294659958161e-9	7.411977389744881e-8	4.856026175342231e-7	2.566495782252123e-6	1.0941767522417134e-5	3.786718016284142e-5	0.00010815967314211306	0.0002645468684009205	0.0005911320067871139	0.0012931903130812292	0.002805050869577184	0.005703024025607637	0.010181697538232535	0.015395523026522757	0.019545567809585485	0.021225179412010707	0.020912058677165564	0.020373879856669726	0.02044026514373754	0.019946280409638924	0.017248138373573797	0.01246139256967825	0.007353086750941879	0.003515920475038505	0.0013587820169036386	0.0004245349859115474	0.00010742906065316208
1.572454771517898e-46	4.807612956805056e-44	1.1780896949962464e-41	2.3137942843011535e-39	3.6422408344812145e-37	4.595260198527988e-35	4.646747805879457e-33	3.7660465126187697e-31	2.446357561838743e-29	1.2736559426485382e-27	5.314751460593744e-26	1.7775194028058146e-24	4.764874976062237e-23	1.0237847300742356e-21	1.7632931147639945e-20	2.435032612053282e-19	2.697971883489618e-18	2.4027270293804835e-17	1.7282597071616385e-16	1.0168563286183255e-15	5.047882300160024e-15	2.2529206993902648e-14	9.860300136685429e-14	4.4071352959122097e-13	1.9058017566745523e-12	7.314789017383522e-12	2.3523923826946798e-11	6.169894696642439e-11	1.305519080443523e-10	2.2194048444353438e-10	3.027001010729381e-10	3.315930766936182e-10	3.011491617731508e-10	3.5512119702249786e-10	1.783679678366368e-9	1.4891010970963736e-8	1.0621336662879416e-7	6.114320793904858e-7	2.8371689614077935e-6	1.0673282785378883e-5	3.3053651382965114e-5	8.72173408825987e-5	0.00020872485422958114	0.00048664313948437065	0.0011277921815441446	0.0024637489531117614	0.004733562648304884	0.007668370011626019	0.010341715176424763	0.011754764102040868	0.011784596133578976	0.011324443524014407	0.011211377641602155	0.011195485318975457	0.010288566652843922	0.008063407783533037	0.005194219684806025	0.0027126063177480056	0.0011433804466207495	0.0003886457281560398	0.00010659238676699315
2.8216979287960316e-48	9.394684594906977e-46	2.5069831491039133e-43	5.361893106009549e-41	9.191415869314036e-39	1.2628280298822928e-36	1.3906042508863899e-34	1.2273275004007209e-32	8.68190507487103e-31	4.922293178987951e-29	2.2367549208392765e-27	8.14646973053949e-26	2.3780725243966104e-24	5.564133689742775e-23	1.0435665703223601e-21	1.5692200144190068e-20	1.892938536720747e-19	1.8346451339835684e-18	1.4346534453739673e-17	9.151805832372134e-17	4.894364976824862e-16	2.3257088183672132e-15	1.0705129228495889e-14	5.0327207058335585e-14	2.3175922501515635e-13	9.584325585398313e-13	3.3420123161835354e-12	9.529707864190486e-12	2.1945227739561936e-11	4.0617817635060455e-11	6.03199870761789e-11	7.189986842275242e-11	7.010658697463286e-11	7.577897405501043e-11	3.132921719447961e-10	2.7425169569971605e-9	2.1273169274303374e-8	1.3336747859228214e-7	6.735757971588738e-7	2.7549498421257893e-6	9.25428777126293e-6	2.636434773117973e-5	6.763498959106058e-5	0.00016809974702064633	0.0004160093312926041	0.0009766351682251881	0.0020244080836510168	0.0035346574960744923	0.005106632135949522	0.006138543112664879	0.006348105122995401	0.00607593558098201	0.005896897215174558	0.005930063907294994	0.005715007449422443	0.004819158415746984	0.0033758903309750567	0.0019230414552547535	0.0008841910084060477	0.00032743003780199285	9.762860334436398e-5
